0, [-0.18342444, 0.21189316, -0.1129397, 0.2027808, -0.16724631, 0.031232957, 0.23325065, -0.13204634, -0.13054486, -0.11104311, 0.073039055, -0.17916669, 0.16816042, 0.08329861, 0.49597952, -0.102401845, 0.28962645, 0.19189201, -0.038394317, 0.16945176]
1, [-0.21964118, -0.23517524, 0.10413701, 0.01603159, 0.24246626, -0.045677952, -0.27488276, 0.05907426, 0.31407976, 0.012869615, 0.12887332, 0.21988273, 0.37869957, -0.20595181, -0.20548074, -0.02152503, -0.13572624, -0.07402039, -0.030130908, -0.1621211]
2, [0.0053860154, -0.11250192, 0.05763089, -0.03128639, 0.08804156, 0.056657717, -0.20133725, -0.08502769, 0.22284432, 0.12288966, 0.037502225, 0.008647397, 0.24340634, -0.06685824, -0.101323344, -0.04552594, -0.01348409, -0.060044426, -0.124249876, 0.08376996]
3, [-0.15977761, 0.11266553, 0.005696146, 0.053916655, -0.06825913, 0.027029302, 0.031896837, 0.022821661, -0.02921904, 0.119319595, 0.047784492, -0.069177605, 0.10528881, -0.16082312, -0.009955088, 0.025626285, 0.039095577, 0.21243219, 0.009063486, 0.31457582]
4, [-0.116714224, -0.14431521, 0.16815189, -0.03467896, 0.0948646, 0.0209184, -0.17792504, -0.013920208, 0.289305, 0.06939907, -0.062254213, -0.034509655, 0.09306896, -0.2593838, -0.09619974, -0.021543248, -0.24844426, -0.06995795, -0.06563493, -0.21740656]
5, [0.052418053, -0.029435206, 0.048643585, -0.087399, 0.005042384, 0.17770761, -0.10459461, -0.12857382, 0.078343764, 0.27878585, -0.12550837, -0.100689195, 0.1366163, 0.02556733, 0.018349215, 0.0148842605, -0.096553065, 0.067513436, -0.1444413, -0.08296524]
6, [-0.2209677, -0.2515276, 0.09358379, -0.0537395, 0.24500063, -0.060701057, -0.23916374, -0.070783965, 0.29991272, 0.098333366, -0.00032938772, 0.2865686, 0.27056578, -0.22654434, -0.122192994, 0.0077875, -0.25527975, 0.044970296, -0.036937807, 0.048634578]
7, [0.0107179815, -0.12356915, 0.04212793, 0.13129336, 0.062485486, 0.11510293, 0.048840668, -0.055429388, 0.12305406, 0.03907525, -0.011378603, 0.0925634, 0.055336945, 0.0041690595, 0.19231012, 0.002388392, -0.19945747, 0.091738, -0.10410008, -0.09505643]
8, [-0.005954044, -0.21581696, -0.11335789, 0.14933863, -0.14119415, -0.04939788, -0.019475207, 0.09260802, 0.028908249, -0.011322328, 0.05214456, 0.19108722, -0.14901529, -0.026956666, 0.2092216, -0.011577083, -0.21195155, -0.027134594, 0.08262936, -0.054264106]
9, [-0.035895456, -0.030848099, -0.0016506322, -0.079145074, 0.12965463, 0.17166273, -0.06850049, 0.0088384645, -0.05103128, 0.036963414, -0.08939367, -0.038246177, 0.3820435, -0.071418874, -0.1857641, -0.052827656, 0.03563091, 0.019766677, -0.23532762, 0.29410574]
10, [-0.08316018, 0.13247398, -0.06896468, -0.07172201, 0.035304435, 0.23161806, -0.034934852, -0.064461134, -0.034535132, 0.34597746, -0.15436237, -0.20107898, 0.27354836, -0.09801813, -0.22834748, -0.10472185, 0.0033848567, -0.029551176, -0.13144283, 0.023866441]
11, [0.032258034, -0.079234056, -0.08344837, -0.15198906, 0.07470264, -0.012115177, -0.06388412, -0.050278623, 0.03447556, 0.16736902, 0.05822442, -0.012073411, 0.1300583, -0.00021175467, -0.050465014, -0.055282004, -0.093881294, -0.10975075, -0.03471238, -0.06293919]
12, [0.015120023, -0.05555652, 0.02636619, -0.059836015, 0.14441276, 0.09727285, -0.09374537, -0.03936123, 0.041209012, 0.2626734, -0.0846385, -0.0931066, 0.28820735, -0.17132653, -0.3970015, -0.029529093, -0.10073552, -0.14967512, -0.04473908, -0.035651453]
13, [-0.06104371, -0.38935146, 0.121628016, -0.12735003, 0.21102813, -0.04306426, -0.16656312, 0.05856323, 0.3094658, -0.024007402, 0.11237805, 0.35123685, -0.17566375, -0.253198, -0.26715392, 0.02236448, -0.4344045, -0.0904217, 0.0683244, -0.45501482]
14, [-0.071882755, 0.07270298, 0.053109176, 0.21854381, 0.14176585, 0.05439057, 0.049513236, 0.01651017, -0.044531927, -0.014275854, 0.023631517, -0.10728979, 0.08301505, -0.14113393, 0.1797987, 0.084751576, 0.07807687, 0.023491671, 0.16676468, 0.37131053]
15, [-0.038600698, -0.13591899, 0.14757848, -0.04484926, 0.006860918, 0.038835116, -0.16150549, -0.123196565, 0.2682668, 0.098899774, 0.0052245054, 0.039040286, 0.11518018, -0.052102484, 0.09563848, 0.12960736, -0.26185343, 0.023305913, -0.05264764, -0.11789003]
16, [-0.013726214, -0.16413501, -0.020371772, 0.02091246, 0.037494704, -0.055214103, -0.061280083, 0.0238525, -0.028914422, -0.0190409, -0.09932479, -0.031097874, -0.17302927, 8.746429e-06, 0.08283536, 0.023704264, 0.023590574, 0.048236877, 0.0021080007, -0.09739121]
17, [0.058873843, -0.0028233854, 0.004878379, -0.010742235, -0.019383062, 0.09769951, -0.094766945, -0.072948605, 0.03427896, 0.21979079, -0.13539515, -0.18948038, 0.15492429, 0.07534953, 0.18032555, 0.13175221, -0.13193612, 0.12302609, -0.112184435, -0.0339029]
18, [-0.20349321, 0.27035335, -0.05156928, 0.2840124, -0.08209565, 0.13170612, 0.027118044, 0.07709889, -0.25059938, -0.013157664, 0.099818826, -0.19606383, 0.09640597, -0.24522913, -0.07639261, -0.09486984, 0.08883325, 0.19962376, -0.118718274, 0.36256722]
19, [-0.17183565, 0.041810393, 0.0076007275, 0.13134766, 0.004864879, -0.010211402, 0.07232393, -0.016307987, -0.10075779, 0.05337016, 0.052920863, -0.12430277, -0.021085009, 0.16549625, 0.49902943, 0.090525806, 0.14814873, 0.03289335, -0.06084685, 0.22406621]
20, [-0.19798784, -0.16627477, -0.046131954, 0.033908326, 0.09582429, 0.15430546, -0.22044368, -0.13052164, 0.15781882, 0.05570754, -0.04808616, 0.10340904, 0.299416, -0.24616984, -0.28083158, -0.025074521, 0.012498118, -0.04255864, -0.18278952, 0.20352563]
21, [-0.018732844, 0.027992748, -0.089327715, -0.085827015, -0.001213271, 0.2191035, 0.013639544, 0.018273348, -0.0011655783, 0.19800986, -0.2679629, -0.16905503, 0.15620926, 0.051015366, 0.11439455, 0.059647407, -0.15021475, 0.05243325, -0.18382151, 0.03123839]
22, [0.067264736, 0.3288412, -0.07559545, 0.014307, -0.033316508, 0.12648919, 0.23911911, 0.046972886, -0.36886036, -0.042471, -0.058850367, -0.2972782, 0.13886406, 0.2114252, 0.18310434, 0.049977172, 0.21633849, 0.204871, 0.004512944, 0.40631616]
23, [-0.36799583, 0.10469473, 0.04894162, 0.31134695, -0.04069855, -0.1376649, 0.100160524, 0.0017683178, -0.01583694, 0.042487916, 0.21071723, -0.08233014, -0.008712106, -0.13521363, 0.26895282, 0.042925976, 0.088277645, 0.3155955, 0.008960576, 0.3022748]
24, [-0.04947944, -0.16206864, 0.01852895, -0.08504047, 0.16020258, -0.06250981, -0.1550074, -0.07769491, 0.19287941, 0.011687231, -0.02355247, 0.21715495, -0.023625713, 0.031256586, -0.07623495, -0.038102783, -0.22615847, 0.0023037347, -0.031690575, -0.22780558]
25, [-0.08878551, -0.038881503, 0.009367052, -0.0007943854, -0.0006654387, 0.052962393, -0.02916982, 0.008113177, 0.15233278, 0.25401568, -0.07048479, -0.07845873, 0.23652634, -0.28777894, -0.36151367, -0.12262717, -0.051410515, -0.09230415, -0.051820993, 0.092357434]
26, [-0.06981532, -0.15851934, -0.09542128, -0.13497108, 0.004599329, 0.044203438, -0.21690476, 0.13520998, 0.055256713, 0.07398241, -0.035051573, 0.04512421, -0.07604264, -0.17617935, -0.27004144, -0.011925897, -0.12522097, -0.030776663, 0.009681618, -0.24988447]
27, [0.14342734, -0.0508965, -0.00926561, -0.21725145, 0.12688269, 0.09869656, -0.13672727, 0.010062575, 0.13779466, 0.20245846, -0.1156134, -0.07859336, 0.1476088, -0.12381121, 0.0018641523, -0.03163055, -0.011085262, -0.13032162, -0.049544636, -0.22705513]
28, [-0.011555325, 0.17365076, 0.025746685, 0.041532397, -0.08331022, 0.08544369, 0.12582867, 0.0070123645, -0.112082124, -0.25940317, -0.007863585, -0.1447262, 0.10745206, 0.2105645, 0.23161498, -0.00945109, 0.12742692, 0.078911185, -0.0009883733, 0.2439174]
29, [-0.19455108, -0.036370162, -0.04389608, 0.27719316, -0.19086204, -0.06830365, 0.13174964, 0.04604435, -0.0036817288, -0.05999215, 0.036450505, -0.002140314, 0.036804296, 0.10884402, 0.48936823, 0.098531015, 0.08092531, 0.113112554, 0.120364234, 0.10391628]
30, [0.0055797505, -0.11253239, -0.003522685, 0.01792429, 0.08582166, -0.04579571, -0.121264614, 0.07285979, 0.10687852, 0.026159544, 0.008718311, 0.069510646, 0.10751516, -0.06737271, -0.22814399, 0.011285182, -0.020143937, 0.020588087, -0.06558624, -0.1468351]
31, [0.005856377, 0.110726, -0.05014902, -0.03331237, 0.18891686, -0.035651755, -0.12542334, -0.03987868, 0.12482899, 0.06688407, -0.07851464, -0.05646328, 0.20828219, -0.11929946, -0.39599982, -0.13502397, -0.029224625, -0.07918074, -0.08318007, 0.0816419]
32, [-0.018343315, -0.009874861, 0.1819947, 0.059480857, -0.16784297, 0.0018016582, 0.07793188, -0.034641482, 0.15011935, -0.1337054, -0.0129275285, 0.24315226, -0.5740432, 0.033426274, 0.060181603, -0.0749464, -0.07480174, -0.27294996, 0.14748257, -0.33988965]
33, [-0.031455114, -0.3162093, -0.032220393, -0.04293144, 0.0073901373, -0.08614364, 0.0031380355, 0.012062405, 0.08572717, 0.12924193, -0.10352523, 0.04382694, 0.13840409, 0.14813042, 0.0870472, 0.010692528, -0.28018564, -0.01973401, -0.16949935, 0.019773439]
34, [-0.10151482, -0.19310708, 0.02277168, -0.056144316, 0.09399719, -0.12572585, -0.0038119191, 0.058189433, 0.10326948, -0.006406355, 0.123143435, 0.20790873, -0.20552345, -0.10125238, -0.049843043, 0.03760275, -0.17574076, 0.0422989, -0.119772494, -0.18338385]
35, [-0.29124537, -0.15375413, 0.07250212, 0.061546147, 0.014254707, 0.17264146, -0.07834842, 0.11521795, 0.029858388, 0.016097348, 0.06607606, -0.011370393, 0.28673282, -0.35194358, -0.34848943, -0.12791039, -0.13404743, 0.028037278, -0.23369947, 0.17116354]
36, [0.13723736, -0.13967696, -0.018826498, -0.106909364, 0.07541934, 0.0129606165, -0.054812185, 0.01708878, 0.08258469, 0.012357821, -0.018846372, 0.06312553, -0.14868739, -0.022998622, -0.13248478, -0.044487946, -0.11018139, -0.17167583, 0.13509098, -0.3923226]
37, [0.009478133, -0.028650163, -0.14630583, -0.114933275, 0.117784, 0.22688133, -0.16940318, -0.0029916463, -0.072715215, 0.15675741, -0.08235922, -0.07682823, 0.32070267, -0.15938933, -0.40274337, -0.025104037, -0.029154742, -0.20441885, -0.15827525, 0.22335845]
38, [0.104026504, -0.13061468, 0.033671252, -0.040069833, 0.2323118, -0.027783467, -0.051752314, 0.050591446, 0.26326692, 0.073483735, 0.029359741, 0.23566765, 0.021672163, -0.22444884, -0.54291916, -0.1602799, -0.12253393, -0.12934147, -0.051033523, -0.1533587]
39, [0.0910516, -0.028564544, 0.10530057, -0.08203569, -0.064850226, 0.034931257, 0.14164516, -0.058595724, -0.07016323, 0.028645903, -0.09780209, 0.09987882, -0.3421974, -0.022510543, -0.15924662, -0.07848039, -0.12861457, 0.007219607, 0.09912357, -0.20594235]
40, [-0.04479778, -0.19655392, 0.030743044, 0.060773812, 0.014023964, -0.020134337, -0.055328395, 0.08399211, 0.11619335, 0.14074847, -0.12475177, -0.10155234, 0.19939634, -0.04273536, 0.07566285, 0.031272553, -0.1903997, 0.054686207, -0.044840623, -0.029476242]
41, [0.01568744, -0.12792361, 0.09925799, -0.07463414, 0.0028075615, -0.2121521, -0.0043754876, 0.08003358, 0.2019557, -0.03113491, 0.11370114, 0.18969814, -0.2657071, 0.0574743, 0.1380043, 0.046940617, -0.18471114, 0.081110045, 0.04091574, -0.2894909]
42, [0.09279873, -0.1150566, -0.015714569, -0.102365166, 0.101262696, -0.0869774, -0.24319723, -0.022205262, 0.31314582, 0.1070757, 0.17175113, 0.12319952, 0.24067484, -0.23285267, -0.4695114, 0.022161055, -0.15358366, -0.038365185, -0.046882495, -0.21114393]
43, [0.076857165, -0.013295584, -0.113724425, 0.028489891, -0.09787415, -0.007104875, 0.046671674, -0.05926259, -0.062405836, -0.09713356, -0.048265927, 0.06976787, 0.002447887, 0.09667064, 0.1277381, -0.010296436, -0.09899883, -0.015376837, 0.03139735, -0.15042879]
44, [0.008921391, 0.12870695, -0.15495856, 0.048772868, -0.1572896, -0.0012538526, 0.18474352, -0.022721937, -0.13430533, -0.013556468, -0.16229065, -0.16064025, -0.030477837, 0.27344364, 0.26877698, -0.009775377, 0.09869076, 0.0671277, -0.11475092, 0.24732792]
45, [-0.19570693, -0.32945338, 0.17323859, -0.0027209623, 0.11529021, 0.028122788, -0.14028357, 0.014118781, 0.32867542, -0.007537706, 0.07107354, 0.13265626, -0.022175195, -0.14856753, 0.013421124, -0.024591545, -0.16913405, -0.008446736, 0.048994247, -0.1240219]
46, [0.079002246, -0.10304006, 0.13499874, 0.05680033, 0.049265943, -0.23965749, -0.020803101, -0.05677948, 0.15783277, -0.19838943, 0.07164797, 0.21410531, -0.3762459, -0.039040934, -0.3101171, -0.09745072, -0.1361432, -0.14476217, 0.06715145, -0.39443758]
47, [0.007217901, 0.1071245, 0.095622495, -0.0038508433, -0.026467264, 0.21793929, -0.23339379, -0.035964545, -0.02315328, 0.17553072, -0.12293193, -0.24398902, 0.22582446, -0.11545105, -0.4219508, -0.088892035, 0.054481883, 0.05025197, -0.08951538, 0.0989004]
48, [0.20918529, -0.0037389903, -0.10745977, -0.20454918, 0.11067989, 0.032834258, -0.024838133, 0.13332163, 0.035253875, 0.26849976, -0.11232897, -0.064048566, 0.23317075, 0.16513865, 0.18870646, 0.050448008, -0.021381542, -0.106354184, -0.12813698, -0.05526985]
49, [-0.0022162485, -0.23926039, 0.045076452, -0.0543487, 0.04904761, -0.15230964, -0.10615256, -0.053315833, 0.26996434, -0.079698235, 0.19401133, 0.24726653, -0.14056435, -0.10279797, -0.40815064, -0.1474832, -0.15960063, -0.09882124, 0.071605265, -0.4062724]
50, [0.16047339, 0.22073106, -0.042739812, -0.097601354, -0.055887416, 0.14715268, -0.048112962, -0.078778565, -0.094091445, 0.16989598, -0.3602217, -0.18030238, 0.072827496, -0.11128834, -0.46261632, -0.06743152, 0.1725843, -0.09980525, -0.095845774, 0.28593698]
51, [-0.020697935, -0.089028746, -0.11182084, -0.06919938, 0.1183193, -0.09584564, -0.3083846, -0.015621496, 0.21789509, 0.03759809, -0.026452648, 0.19051231, 0.24641676, -0.18911901, -0.56097317, -0.11256075, -0.09270669, -0.058812052, -0.13763979, -0.26292956]
52, [-0.024868766, -0.005163488, -0.0556017, -0.067410186, -0.07397101, -0.1357997, 0.15431808, -0.020156506, 0.18763182, -0.07418086, -0.045745924, 0.38213345, -0.61862075, -0.008996454, 0.11943303, -0.12388979, 0.061573405, -0.08446432, 0.16088086, -0.2799319]
53, [0.19962916, 0.029658876, -0.08701266, -0.17944796, 0.010142418, 0.117400415, -0.026059443, 0.04330174, 0.019891366, 0.09476798, -0.019838035, -0.22036186, 0.07136215, 0.16656819, 0.1221933, -0.009608836, 0.1244735, -0.028193459, 0.01560957, -0.14597604]
54, [-0.07296809, -0.077490166, -0.008251588, 0.016361672, -0.046099525, 0.026437622, -0.010721206, -0.013105954, 0.10201919, 0.07502435, 0.09657193, 0.13902454, 0.1212964, -0.059260935, -0.35201803, -0.095500745, -0.11713391, -0.05126119, -0.056186434, 0.026438115]
55, [0.28003442, -0.31800634, 0.14177413, -0.1867213, 0.062170863, -0.2189179, -0.14062737, 0.11170422, 0.24902576, -0.10148692, 0.15125747, 0.23091747, -0.42448235, 0.15130258, 0.16439992, 0.056542255, -0.25323224, -0.12630711, 0.08265343, -0.54477954]
56, [-0.04991015, -0.35169125, 0.045474168, -0.03981805, -0.04417839, 0.06579487, -0.02978472, -0.05794335, 0.1866627, 0.12961431, -0.030871347, -0.06607098, 0.17945673, -0.15387404, 0.008586286, 0.016218442, -0.17125751, -0.03023486, -0.16108912, -0.08643935]
57, [-0.07771579, -0.16817936, 0.04206434, -0.040117748, 0.10497285, -0.13051304, -0.037909307, -0.108231016, 0.27365953, 0.037825618, 0.16486576, 0.12215768, -0.095404536, -0.1306189, -0.18440124, -0.11436498, -0.2375599, -0.05432116, 0.06456462, -0.33540913]
58, [-0.06303202, -0.193921, -0.085868046, -0.04404893, 0.090851404, 0.09046564, -0.049897194, 0.0428584, 0.16146941, 0.12701358, -0.03213936, 0.04192475, 0.122583546, -0.08581225, -0.019401906, -0.036809873, -0.2980455, -0.046669673, -0.102310084, -0.11941121]
59, [-0.07366562, -0.029080145, -0.031326175, 0.11069762, -0.13411441, 9.621725e-05, 0.13281526, -0.023120094, -0.12941523, 0.015613769, -0.0040949746, -0.10868559, 0.015557629, 0.19942994, 0.3851644, 0.12792061, 0.00707874, 0.20857471, -0.035812736, 0.21732941]
60, [0.05560668, 0.054773573, -0.11708371, 0.03828002, -0.20897293, 0.0426358, 0.3180107, -0.06437222, -0.21660256, -0.055502094, -0.08637177, -0.023865942, 0.061810628, 0.41988966, 0.44593424, 0.15955076, 0.056415685, 0.1207042, -0.04424105, 0.21922252]
61, [-0.11955492, 0.11791129, -0.088324234, 0.08525066, -0.13247617, 0.050800204, 0.024268959, 0.060670156, -0.18286633, -0.05758969, -0.023711856, 0.003654739, 0.12180381, 0.038869325, 0.1645408, -0.02644341, 0.17581774, 0.13582721, 0.0015172835, 0.2556052]
62, [-0.01810442, -0.2497516, -0.04061042, -0.13858162, -0.017449014, 0.066509984, 0.00031673576, 0.040052045, 0.14993972, 0.08626271, -0.04926652, 0.07213132, 0.0127904415, -0.0020057687, 0.19545074, 0.012788073, -0.16345571, 0.049861792, -0.033002775, -0.019956684]
63, [-0.085690774, 0.2788579, -0.0020566157, 0.16422857, 0.010091505, 0.026669538, 0.024188604, 0.038230468, -0.24802311, -0.1602323, 0.046880282, -0.20412034, 0.15754889, 0.13116518, 0.1574475, 0.0047888635, 0.27205953, 0.18181694, 0.042867523, 0.40845174]
64, [-0.010394251, -0.23151843, 0.05968146, -0.13866939, 0.11683367, -0.045286488, -0.18866721, -0.17353217, 0.15279175, -0.1916177, 0.13100973, 0.13317572, -0.049232703, 0.005273257, -0.23896226, 0.12138466, -0.18733646, -0.04684944, -0.10285126, -0.43699104]
65, [-0.0019628743, -0.10507617, 0.17338404, -0.069674864, 0.14269674, -0.06365825, -0.02001257, -0.06810294, 0.2754212, 0.078019716, 0.1435467, 0.12825392, -0.0670685, 0.006396313, -0.1391367, -0.043089036, -0.17329463, -0.12268657, -0.034458276, -0.22638808]
66, [0.008057244, -0.17399023, -0.029014425, -0.016395893, 0.026264653, -0.09804009, -0.20873062, 0.072833024, 0.28451166, 0.069006205, 0.19273452, 0.23746915, 0.038226724, -0.23134649, -0.49717227, -0.124230154, -0.09076178, -0.17143469, -0.10820111, -0.19454166]
67, [0.09910889, -0.1388945, -0.078155026, -0.08558539, 0.059066933, 0.08481183, 0.087093025, 0.1091575, 0.047561053, 0.28547522, -0.0741472, 0.014865001, -0.0010338903, 0.109498, 0.11116314, -0.012473492, -0.062340345, 0.02326141, -0.03929501, -0.09455054]
68, [0.14173444, -0.13780463, -0.017848227, -0.16750053, 0.024732694, -0.09630007, -0.03805891, -0.009508569, 0.1486356, -0.011883989, 0.0025896984, 0.19917423, -0.15566093, -8.417697e-05, -0.117333405, 0.059282612, -0.1661408, 0.012394768, 0.04702859, -0.22480567]
69, [-0.011784752, -0.079945266, 0.109452315, -0.19904837, 0.14621179, 0.06363936, -0.2984371, 0.11116715, 0.17025106, 0.20864733, 0.020523613, 0.043565176, 0.08482944, -0.17881225, -0.5597539, -0.011677879, -0.10944262, -0.18647152, -0.019129597, -0.06479811]
70, [-0.03657881, -0.14798456, 0.068381086, -0.027078837, -0.020328732, -0.021742087, -0.21258782, 0.0422893, 0.25242174, 0.050382208, -0.004721837, 0.16417731, -0.03892138, -0.2859204, -0.39085203, -0.1888149, -0.057932567, 0.0016687979, -0.04340529, -0.30031252]
71, [0.10211351, 0.086176544, -0.0138497, 0.058945794, -0.034820262, -0.15972415, 0.0388372, 0.08887397, -0.033918988, 0.13955297, 0.008002304, -0.086161435, -0.07051537, 0.10945073, 0.19330555, -0.13329168, 0.08740879, 0.051339317, 0.037811313, 0.02959614]
72, [-0.024820955, -0.060512643, -0.084672004, 0.03142449, 0.083336875, 0.06729889, -0.06555751, -0.018080493, 0.028133102, 0.09668088, -0.019372815, 0.13211712, 0.17543949, -0.14115807, -0.11822731, -0.020044684, -0.039119463, 0.014261802, -0.04921584, 0.19177647]
73, [0.15191066, -0.24815232, -0.04211215, -0.13580042, -0.043822486, -0.22874238, -0.09041668, -0.16333544, 0.19224918, -0.2878484, 0.006971025, 0.2729681, -0.4276436, -0.0076410878, 0.072333805, 0.001076286, -0.12799855, -0.10322056, 0.0050107306, -0.3773999]
74, [0.055154633, 0.019867873, -0.13394402, -0.011903794, 0.06305197, -0.035381187, -0.09424823, 0.05415189, -0.0880157, -0.070265055, -0.05309396, -0.12634209, 0.16971925, -0.018644985, -0.2080323, 0.030913629, 0.0689773, -0.060767334, -0.06781428, 0.13908863]
75, [-0.029855924, -0.21638954, 0.0029933976, -0.08999077, -0.010351811, -0.21259612, -0.06015786, 0.12521635, 0.20785595, -0.109039836, 0.052899804, 0.2778912, -0.38653678, 0.17113955, 0.37151062, 0.17127696, -0.16682716, 0.047304396, 0.040625688, -0.18650559]
76, [-0.17953038, 0.2151862, -0.008968015, 0.2175646, -0.110184744, 0.02279428, 0.34052363, -0.13542876, -0.18487221, -0.14371696, -0.029928092, -0.22923636, -0.12851468, -0.011068916, 0.3074648, -0.14525911, 0.21500008, 0.34383568, 0.024867812, 0.22116336]
77, [-0.16359755, -0.14090176, 0.11291254, 0.19520079, -0.014650266, -0.23816319, -0.0068391385, 0.0217777, -0.0027816352, -0.17227422, -0.06123145, 0.10738538, -0.24694967, 0.07337121, 0.07340491, 0.05374591, 0.049394455, 0.07010487, -0.10678132, -0.102042146]
78, [0.040203795, 0.21310543, 0.024451215, -0.005289834, -0.05219714, 0.12900092, 0.13905583, -0.07232554, -0.23788318, -0.13199496, -0.09240132, -0.13785551, 0.2696983, 0.29981908, 0.24223243, 0.0028865808, 0.2689327, 0.04558177, -0.0065063946, 0.2509032]
79, [-0.1232403, -0.15468675, -0.20125738, 0.07324646, -0.24524947, 0.07409486, 0.11317582, -0.031553857, -0.11217316, 0.09246196, -0.061629742, 0.035563074, 0.10593346, 0.123380184, 0.24335736, 0.0770499, -0.0323707, 0.16113502, -0.11210659, 0.15973601]
80, [-0.020911742, 0.31836802, -0.081899226, 0.22308868, -0.19456702, 0.13984044, 0.20677677, -0.033569477, -0.5327284, -0.1150268, -0.15646422, -0.31300393, -0.029408216, 0.10910678, 0.28512633, -0.0116644595, 0.18804993, 0.13987046, -0.08154213, 0.46381018]
81, [0.050384104, -0.037289675, 0.025462184, -0.076426916, 0.07111163, -0.14583147, -0.08149104, 0.08458742, 0.10013994, -0.0065727304, -0.068009466, 0.17387445, -0.18730383, 0.091989756, 0.045666073, 0.092394255, -0.16327322, -0.0194178, -0.012400173, -0.24898444]
82, [-0.09918185, 0.14093198, -0.04689675, 0.07588365, -0.032113418, 0.14497742, 0.068197206, -0.025765618, -0.16217813, -0.025828764, -0.07331745, -0.2544701, 0.16719958, 0.03043886, 0.0806869, 0.018803386, 0.22728099, 0.1632492, -0.030392336, 0.3768188]
83, [-0.077862285, 0.17424169, -0.08084267, -0.00718892, -0.10772374, 0.15680946, 0.18522803, 0.06868691, -0.25454554, -0.052189544, -0.08674658, -0.25262374, 0.09770131, 0.12775508, 0.30224693, -0.06325628, 0.24698262, 0.12658267, -0.013903671, 0.2865711]
84, [0.016805131, -0.18843791, 0.017597694, -0.18600188, 0.0527539, -0.020118607, -0.15425235, -0.043612268, 0.060781155, 0.016531052, 0.06274599, 0.28087032, -0.10379632, -0.15223454, -0.049335357, 0.12855725, -0.22765999, -0.057850983, -0.11215068, -0.26286423]
85, [0.2030294, 0.25549984, -0.09757113, 0.01450119, -0.047682162, 0.023484113, -0.017446935, 0.14685637, -0.2347894, 0.13622284, -0.09703312, -0.16471583, -0.016409727, -0.07633896, -0.2652013, 0.013576701, 0.10718503, -0.11262301, 0.0954537, 0.0006959833]
86, [0.043495134, -0.058330387, -0.008036555, -0.02355992, 0.20163135, -0.20413375, -0.14138664, 0.02471155, 0.25789413, 0.014649505, 0.13403538, 0.22778875, -0.17515618, -0.15481609, -0.20617469, -0.058764547, -0.1569998, -0.055062227, 0.1593329, -0.24819425]
87, [-0.024015177, -0.053869385, -0.07705804, 0.093405455, -0.008189967, -0.02321717, -0.02426653, -0.019812478, 0.0373971, 0.073421575, 0.22993618, 0.025637291, -0.07146517, 0.11992242, 0.20248476, 0.02073259, 0.025660325, 0.06114711, 0.10488923, 0.18071944]
88, [0.0729336, -0.15323198, -0.0015534635, 0.045747407, 0.13338561, -0.10318679, -0.15312596, -0.016373128, 0.2429646, -0.050073866, 0.056838527, 0.18074737, -0.17359217, 0.07816659, -0.19584909, -0.037117135, -0.038914178, -0.08940475, 0.047908477, -0.17979719]
89, [0.026005564, -0.061178725, 0.046732042, 0.07245568, -0.005075798, 0.049146805, -0.056309737, -0.027170634, 0.21013722, 0.16635032, 0.012029165, 0.008509902, -0.040205043, 0.094982065, 0.002416237, 0.058397304, -0.22113942, -0.09899232, -0.005536604, -0.26108405]
90, [-0.049835686, 0.27873668, -0.01847589, 0.09736558, -0.122388996, 0.12136995, 0.26160687, -0.07283502, -0.42039576, -0.12955558, -0.08515247, -0.21542042, 0.07661043, 0.25892133, 0.38241032, -0.07923397, 0.22546743, 0.32844898, -0.013956217, 0.3471525]
91, [0.0632653, 0.053208925, -0.13924675, 0.13258891, -0.06809971, 0.04121281, 0.062037714, -0.07140436, -0.3348506, -0.037849538, -0.025723265, -0.1576955, 0.1656054, 0.25393605, 0.03859907, 0.11749572, 0.016442603, -0.0028296553, -0.11238335, 0.27990866]
92, [-0.015301241, -0.2387651, -0.023358261, -0.10619876, -0.016214157, -0.07187128, -0.070305265, 0.011441401, 0.25282037, -0.13447912, 0.14654706, 0.23894604, -0.15432265, -0.059729777, -0.17038499, -0.09250614, -0.2236836, -0.037532922, 0.047719926, -0.30546546]
93, [-0.32977012, 0.30377328, 0.14205405, 0.39023283, -0.243215, -0.03649194, 0.18429463, -0.10063634, -0.3758149, -0.14003783, 0.027813638, -0.25002453, -0.09546208, 0.16580418, 0.5585303, 0.03162471, 0.07396065, 0.40070882, -0.06694333, 0.33943495]
94, [0.011639246, -0.054908186, 0.06900392, 0.11620947, 0.09331957, -0.05794076, -0.00090982526, 0.008348268, -0.053282194, -0.0057520266, -0.1394701, 0.27719852, -0.54545325, -0.1569877, -0.05551873, -0.10541906, -0.099653065, 0.071047634, 0.069563374, -0.2881918]
95, [0.13568892, -0.0025009431, 0.023921425, -0.115815625, 0.14391956, -0.14245594, -0.08343225, 0.10296878, 0.1528004, -0.18277949, 0.1363298, 0.24047612, -0.2648164, 0.043962747, -0.18290089, -0.11008597, -0.1709407, -0.21480793, 0.057135407, -0.35638142]
96, [-0.07284421, 0.0013495716, 0.04636587, 0.11804345, 0.101899266, 0.035826553, -0.12118652, -0.1584082, 0.15382773, 0.053759914, 0.10015943, 0.07426675, 0.1333677, -0.14615059, -0.17367312, 0.051805157, 0.061220016, 0.042553727, 0.014117294, 0.11177483]
97, [-0.03834879, 0.016345125, -0.17339158, 0.18792571, 0.0068705166, 0.012826639, 0.12655906, -0.04322956, -0.19353573, 0.061600644, -0.1649064, 0.07421382, -0.2605487, -0.14868319, -0.28333795, -0.08107548, -0.028577004, 0.0916576, 0.1343315, 0.136436]
98, [0.026650926, 0.10952458, -0.037084162, 0.05215954, -0.025906246, 0.1607897, -0.098373964, 0.04215472, -0.08711471, 0.21190442, -0.22204396, -0.27173272, 0.28089184, -0.26644355, -0.53291154, 0.016272428, 0.10759958, -0.074759744, -0.184695, 0.25243902]
99, [-0.11210721, 0.32034892, -0.06421617, 0.1692893, -0.11231332, 0.017279537, 0.24006353, -0.040447053, -0.4106447, -0.2860256, 0.06470529, -0.19025481, 0.04186868, 0.2492401, 0.37920994, -0.031695873, 0.37330332, 0.14721751, 0.042730838, 0.3773088]
100, [-0.06582902, -0.0025499633, -0.090348214, -0.044071347, -0.0644852, 0.06420723, -0.12626882, -0.011793654, -0.07648401, 0.015417283, -0.07109922, -0.15195519, -0.025631424, -0.006352476, 0.086038925, -0.08121386, 0.0964062, -0.043648172, 0.10214522, 0.07903296]
101, [0.15800075, 0.23750314, -0.032746397, -0.15128258, -0.14921278, 0.15697177, 0.011388438, 0.073311664, -0.34981453, -0.06138203, -0.16843136, -0.20321615, 0.28524172, 0.2394557, -0.094012894, 0.0036470501, 0.13481084, -0.07728391, 0.045862895, 0.21827574]
102, [-0.108177, 0.007417478, 0.021233557, 0.04811543, -0.061235305, -0.045507, -0.030345721, 0.06471315, -0.16854873, 0.027471075, -0.040394306, -0.15566367, 0.044913996, 0.017989878, 0.11977913, 0.05994411, 0.070981786, 0.10153525, -0.084167875, 0.3866636]
103, [-0.07454601, 0.25084615, 0.082467556, 0.2326985, -0.1279154, 0.06142189, 0.14738761, -0.0030204726, -0.2971943, -0.010652277, -0.07678799, -0.2482461, 0.13390477, -0.13146813, -0.0031948555, -0.015099555, 0.13676447, 0.19438143, 0.08471244, 0.16532035]
104, [-0.17667536, 0.032784507, -0.05589829, 0.225559, 0.12338901, -0.08093714, 0.13770935, -0.037912853, -0.037335955, -0.101682305, 0.12185374, -0.03860593, 0.114555836, 0.072841756, 0.13847232, 0.01605295, 0.07284682, 0.20403585, 0.07138825, 0.25247154]
105, [0.05446659, -0.04294226, 0.063429326, -0.045197118, -0.0069522965, 0.011984415, -0.01717168, 0.121124625, 0.09706828, 0.17321335, 0.045627568, -0.06626392, 0.12545131, -0.10174619, -0.00822006, 0.03872747, 0.024102882, 0.0057441453, 0.02681653, -0.16270918]
106, [-0.08604475, 0.10638259, 0.0011562303, 0.06874477, -0.03627923, -0.04365815, 0.24285947, 0.022013627, -0.11703143, -0.009623425, -0.118689224, -0.20158894, -0.14406908, -0.13960351, 0.25257233, 0.00085820956, 0.16889182, 0.21438721, 0.016636372, 0.18646498]
107, [-0.11320588, -0.024027942, 0.14989594, -0.052218832, -0.0434617, 0.08242949, -0.10952533, 0.078102894, 0.05015656, 0.16221726, -0.20586869, -0.17456785, 0.030656291, 0.032115236, -0.031370685, -0.040745992, -0.09745558, 0.07005858, -0.1271285, -0.037639327]
108, [-0.13830152, -0.09213243, -0.115676865, 0.008786447, -0.036135357, -0.052613422, -0.1391891, 0.029663837, 0.007677985, 0.13986847, 0.033650767, 0.070918694, 0.09668237, -0.09604641, -0.15988274, -0.08333064, 0.020652492, -0.011136823, -0.051475365, -0.07955501]
109, [0.0038142723, -0.03388007, 0.029876446, 0.020028654, 0.19498447, -0.038882274, -0.05756949, -0.091948226, 0.19097625, 0.06008457, 0.022665627, -0.027548188, 0.054829832, -0.029057663, -0.14456853, -0.052172236, -0.071755596, -0.09113033, -0.008581062, -0.22707371]
110, [-0.23574074, 0.061899014, -0.042070266, 0.3238706, -0.19782087, -0.40005064, 0.013574771, -0.03354656, -0.19175579, -0.20331512, -0.022813493, -0.0043948432, -0.30720824, 0.037026417, 0.5533346, 0.04230825, 0.15227382, 0.20144823, 0.15834972, 0.08205592]
111, [-0.12975898, 0.21722513, 0.057464164, 0.23519617, -0.22926557, -0.04043605, 0.20858903, -0.08340008, -0.3037062, -0.03040849, -0.0039667417, -0.23668301, -0.051502336, 0.008971295, 0.5036034, 0.039917275, 0.10934519, 0.2492074, 0.012718502, 0.23759082]
112, [-0.017347261, 0.049106978, 0.06744148, -0.06176525, 0.03990424, 0.19808474, -0.13242917, -0.035077162, 0.06498911, 0.22440754, -0.060258884, -0.27321616, 0.34120995, -0.06929195, -0.22627375, -0.025920294, 0.00024510288, -0.07551842, -0.118073635, 0.10550008]
113, [0.11123136, 0.12079935, -0.030359836, -0.15249032, -0.018406097, 0.069964245, -0.13609107, 0.058147833, -0.16879497, 0.021298092, -0.019623317, -0.15067057, 0.259408, 0.086145915, -0.26652008, -0.09333924, 0.20936085, -0.079248436, -0.016825542, 0.1977253]
114, [-0.08915122, 0.064840846, -0.007844665, 0.13889964, -0.109776266, -0.08912685, 0.15280174, 0.1132008, -0.24984884, -0.2481459, 0.09434781, -0.09219363, -0.141033, 0.30678633, 0.4811169, 0.16146405, 0.29805598, 0.25115645, 0.0273814, 0.12018291]
115, [0.048836913, -0.16198288, 0.0071514365, -0.10046734, 0.10985122, -0.038173325, -0.060685564, -0.016878108, 0.052499063, 0.12998056, -0.101425976, 0.11234153, -0.0626483, -0.12232809, -0.057976976, 0.06281341, -0.1573036, 0.06312524, -0.011739464, -0.24670164]
116, [0.03879201, 0.04444248, 0.0005814344, 0.04323146, 0.045524072, -0.115829945, 0.1461407, 0.163706, -0.085056305, 0.15295012, -0.069421165, -0.035986975, 0.08000355, -0.058487084, -0.036115337, -0.022856012, 0.01074432, 0.14366353, -0.0065665394, 0.0057214135]
117, [-0.24416508, 0.016287573, -0.058178965, 0.17771809, 0.07412051, -0.043946203, 0.043842964, 0.035669256, -0.04227627, -0.08949372, 0.14508139, 0.016909264, 0.053531807, -0.07686271, 0.015765764, -0.026886407, 0.06852791, 0.12615739, -0.015428355, 0.15506433]
118, [-0.036515027, 0.050770756, -0.065331094, 0.06902408, 0.022408875, -0.025318256, 0.116868936, 0.0110204425, 0.14351052, 0.14625388, 0.11786826, 0.005621078, -0.07290069, -0.19944726, -0.22772151, -0.1585906, -0.050113093, -0.13581903, 0.073064476, -0.18520474]
119, [0.02836667, 0.2512472, 0.0032907526, 0.01438645, -0.107517295, 0.04117375, 0.269468, -0.08675619, -0.48333296, -0.1386497, -0.0072521414, -0.27406225, 0.12199361, 0.35142168, 0.35051018, -0.040800657, 0.30130818, 0.12327252, 0.052815422, 0.3825641]
120, [0.19563095, -0.028649416, -0.005474023, -0.13541885, 0.024266053, 0.0532591, -0.17185119, 0.14236778, 0.1494615, 0.036590204, -0.07585146, 0.070517935, -0.082148224, -0.1803343, -0.4892302, 0.036180392, -0.019788802, -0.2534029, 0.035569604, -0.25004846]
121, [-0.12404373, 0.16767776, -0.07010872, 0.3035674, -0.14610626, 0.053638335, 0.21868017, -0.0038901805, -0.3741028, -0.1294492, -0.051447853, -0.2195575, 0.05415712, 0.17163211, 0.3845967, -0.06756707, 0.13172963, 0.34870112, -0.036003478, 0.25798574]
122, [-0.00015474427, 0.08424184, 0.039947655, -0.063234344, -0.0143800825, 0.34652197, -0.14843768, -0.015749091, -0.016768368, 0.3023983, -0.12564673, -0.22078748, 0.31509194, -0.058675643, -0.12301957, -0.054029297, 0.028473554, -0.1724744, -0.114079855, 0.08189988]
123, [-0.025631618, 0.1544083, 0.0032718487, -0.010513121, -0.10756484, 0.0523704, 0.016165245, 0.052826233, -0.19982937, 0.03231534, -0.049749266, -0.22338803, -0.0063560344, 0.20710708, 0.18501456, -0.004486639, 0.2293025, 0.035824977, 0.04447464, 0.29546398]
124, [-0.13521817, -0.08426938, -0.1003937, 0.1772372, 0.06176463, 0.13479616, -0.24789351, -0.029662717, 0.07758995, 0.09563258, 0.016225835, 0.07020788, 0.1184156, -0.19992507, -0.353528, 0.010486804, -0.033752594, -0.024490677, -0.039244294, 0.0638813]
125, [0.03301613, -0.07399766, 0.09478801, -0.09626905, 0.16286021, -0.017299166, -0.116528705, -0.029098501, 0.26662326, 0.014212661, -0.045976877, 0.20480345, -0.25138173, -0.08337298, -0.32933602, -0.110625856, -0.14681092, -0.23201025, 0.070540994, -0.21572027]
126, [-0.067391664, 0.21301635, -0.054992244, -0.025269436, -0.09954112, 0.10170831, -0.045704067, -0.059254866, -0.19369833, 0.12797579, -0.25152236, -0.13858736, 0.21190421, -0.05943268, 0.0633505, -0.0820166, 0.15253782, 0.22353427, 0.029435663, 0.091226086]
127, [-0.0017010713, -0.21415177, 0.06683296, -0.0494052, 0.016422004, -0.195853, -0.063549824, 0.0021946426, 0.13104738, -0.11791385, 0.13908935, 0.24880143, -0.29676035, 0.0011416047, -0.17863207, -0.067791246, -0.17155406, -0.07738368, 0.002690646, -0.3471806]
128, [0.10177594, 0.06289877, -0.06966724, 0.0150641315, -0.021801248, 0.08785015, 0.022996468, 0.016096584, -0.13566898, 0.08335145, -0.124719925, 0.14922191, -0.3475698, -0.21400435, -0.023745734, -0.060733598, -2.9771036e-06, 0.1480536, 0.015671114, -0.04154793]
129, [0.07570022, 0.19097666, 0.053027045, -0.1037113, 0.15586534, 0.017203031, -0.06507615, 0.020544212, -0.07544009, -0.025723793, -0.054599356, -0.031830434, 0.07581177, -0.066647485, -0.30844814, -0.09713387, 0.08316288, -0.099117115, 0.03176245, 0.007958604]
130, [-0.033779744, -0.18807264, 0.049581066, -0.04056833, 0.105135545, -0.05376609, -0.21701851, -0.010848573, -0.034598332, 0.04380998, 0.11581169, -0.0228725, 0.14675894, -0.16124026, -0.2919733, 0.0143486895, -0.055801656, -0.058674652, -0.00012560419, -0.059475437]
131, [-0.14828728, 0.13131794, 0.03910603, 0.20375389, -0.015033452, -0.100128725, 0.065370224, -0.061189584, -0.18124524, -0.19707802, 0.06711761, -0.06673004, -0.13099761, 0.1243798, 0.33974507, 0.09795864, 0.13461329, 0.27273232, 0.04945468, 0.12830001]
132, [0.14668502, -0.043146506, -0.13872628, -0.18345886, -0.025728228, 0.21789576, -0.108277455, 0.13420464, -2.4737172e-05, 0.04472256, -0.088153, -0.09417973, 0.22256124, -0.013055381, -0.32627502, 0.03763281, 0.011654319, -0.21173863, -0.018274382, 0.09613459]
133, [-0.28382948, 0.058416672, 0.103927776, 0.26709598, -0.27763113, -0.051425982, 0.2414974, 0.0072755464, -0.3025482, -0.054398686, -0.066152126, -0.037164874, -0.13304038, -0.07810725, 0.3702463, -0.16824706, 0.061793037, 0.4481934, -0.015417778, 0.20607252]
134, [0.0059203724, 0.12978156, -0.061435353, -0.14422244, -0.09993657, 0.060733344, 0.10659377, -0.0064508673, -0.08553941, 0.14658798, -0.13804501, -0.15688308, 0.12151312, -0.016594188, 0.018463701, -0.035846252, 0.04996826, 0.057410434, 0.0429059, -0.081280276]
135, [-0.13646172, 0.09230257, 0.07686091, 0.23086755, 0.039777208, -0.057776563, -0.13112703, -0.033387344, 0.023527442, 0.016172124, -0.087201275, -0.15041333, 0.0004606215, -0.2725566, -0.3199153, -0.102044486, -0.04675643, 0.13582395, -0.091884494, 0.019419432]
136, [-0.04820895, 0.320905, -0.1094864, 0.17468244, -0.092827864, 0.00254129, 0.07634503, -0.01990792, -0.27659172, -0.033662736, -0.10421021, -0.18540667, 0.08953684, 0.008534847, 0.15083751, -0.020939307, 0.29328626, 0.23398715, -0.01644569, 0.24694176]
137, [-0.0011881466, 0.117820464, 0.0063468837, 0.0664127, 0.0061068544, -0.03776601, 0.0041862857, 0.0033661302, -0.16510239, 0.027998488, -0.011326467, -0.074448384, -0.018312437, 0.055047423, 0.13326663, 0.1554032, 0.20825309, 0.20180568, -0.07727471, 0.16632798]
138, [0.16401447, -0.09737189, -0.008154425, -0.1738226, 0.072837695, -0.069046125, 0.028465124, 0.017052481, 0.32977822, 0.07210085, 0.02480047, 0.053758524, 0.029269675, 0.042968627, -0.026724508, 0.05511511, -0.1250516, -0.08476252, 0.067003585, -0.11925001]
139, [-0.086727716, -0.15300597, 0.057594534, 0.03268257, -0.06182775, -0.0334014, 0.11089613, 0.025087439, 0.24594729, 0.11241234, 0.12528367, 0.008826012, -0.056971073, 0.07395323, 0.03129628, 0.16541418, -0.16604386, 0.11097674, 0.005498184, -0.20717348]
140, [0.13315915, 0.10450229, -0.12957275, 0.034889884, 0.055991672, -0.10340765, 0.027746184, 0.03722032, 0.16847037, 0.066980034, 0.20868239, 0.13626494, 0.10108281, 0.023865936, -0.031466633, 0.11667325, 0.08964123, 0.0030073225, 0.12073371, -0.12025591]
141, [-0.045055144, -0.36004955, 0.17366406, -0.018260028, -0.01004307, -0.038893566, -0.08301395, 0.03467704, 0.44335893, -0.028078485, 0.26900294, 0.39502695, -0.27188963, -0.21414828, -0.19866732, 0.0005356082, -0.2616593, -0.16245864, 0.10424841, -0.53909624]
142, [-0.124760516, -0.1186824, -0.049568925, 0.07499888, 0.16346534, -0.004511316, -0.21697284, 0.06507404, 0.2110243, 0.047618322, 0.116436735, 0.16576193, 0.034957755, -0.17477794, -0.3495275, -0.0737748, -0.11907625, -0.062147927, 0.061277978, -0.17763661]
143, [0.08374174, -0.03875528, 0.18035564, -0.027593508, -0.23488024, -0.15206903, 0.12286249, -0.12474838, 0.13451813, -0.27586555, 0.011932866, 0.328064, -0.6635295, 0.13847494, 0.08103309, -0.023669675, -0.1106857, -0.2258082, 0.05348804, -0.40028462]
144, [0.054196727, 0.15999633, -0.12627608, 0.05622697, -0.078704916, 0.0048733973, -0.02228071, -0.0061714295, -0.18097, 0.029617963, -0.05795696, -0.19727938, 0.13325912, -0.021001084, -0.052212033, -0.005633406, 0.1613986, 0.0063863206, -0.08741378, 0.31300756]
145, [0.03740594, 0.12867433, 0.024954747, 0.037143152, -0.0026869904, 0.056660596, 0.011551972, -0.090007335, -0.05315343, 0.15438321, -0.02826481, -0.25753203, 0.116677254, -0.19441634, -0.07743198, -0.04767566, 0.19040088, 0.06941988, -0.11014582, 0.15508975]
146, [0.20703611, 0.05651915, -0.061608814, -0.09254713, 0.066003725, -0.18763255, -0.045019183, -0.07628489, -0.00817291, -0.11646305, 0.032042418, 0.11446934, -0.20300879, 0.25845143, 0.020730298, -0.114506915, -0.022813275, 0.08265339, -0.0021848537, -0.08663623]
147, [0.0058844504, 0.33257514, 0.04053913, 0.24784946, -0.010080563, -0.071033336, 0.22424607, 0.02898456, -0.2888596, -0.16646732, 0.09351297, -0.1268595, -0.027642587, 0.2849113, 0.68483526, 0.08805797, 0.24417767, 0.20001684, 0.055456087, 0.29729578]
148, [0.1591579, 0.11346115, 0.008258706, -0.12886898, -0.016309416, 0.0756725, -0.052358497, -0.03143013, -0.16031536, 0.0025722897, 0.016302465, -0.1530944, 0.16199757, -0.12880954, -0.29184842, 0.02010023, 0.168235, -0.097773395, -0.015971174, 0.16269657]
149, [0.03355403, 0.12848482, -0.015835559, -0.012151998, -0.005305509, 0.16188897, 0.084415525, 0.017301748, -0.18331987, 0.12422646, -0.11637247, -0.17683858, 0.20009531, -0.09125721, 0.030080494, 0.018473724, 0.09240959, 0.036966138, 0.035858527, 0.2797175]
150, [-0.06189216, 0.2972288, -0.03230671, 0.06872106, -0.11913375, -0.028528633, 0.19154944, 0.022714563, -0.25234097, -0.06919964, -0.07130772, -0.21176666, 0.0076715886, 0.3202125, 0.26084054, -0.13438745, 0.13665311, 0.12138395, 0.042112853, 0.36947867]
151, [-0.055491004, 0.13736773, -0.06367261, -0.03630496, 0.011992325, 0.16803564, 0.08261536, 0.06478636, -0.25691798, 0.0856209, -0.1866989, -0.23465824, 0.18417811, 0.1557092, -0.08303739, -0.0523117, 0.18184304, 0.03526713, -0.11707671, 0.32527322]
152, [0.023474826, -0.050281316, -0.093304805, 0.006552742, 0.11763883, -0.15409723, -0.11235759, 0.039233644, 0.03871194, 0.077120274, 0.18236491, 0.08259183, 0.06372121, -0.11822108, -0.1992607, 0.025665956, -0.083315834, 0.014547567, -0.04811327, 0.082553156]
153, [0.0026397454, 0.17634277, 0.1007295, 0.034507383, -0.22724503, 0.0055015306, 0.13408476, -0.056022756, -0.2031442, -0.022999773, -0.014319024, -0.25235617, -0.05832145, -0.018452028, 0.2556035, -0.10485158, 0.10581054, 0.20008898, -0.1206559, 0.2251413]
154, [-0.12480548, 0.0695038, 0.113899514, 0.026123876, -0.027289733, 0.1367045, 0.0034900198, -0.038542025, -0.11675381, 0.16799909, -0.08117727, -0.16600086, 0.11073329, -0.19356793, -0.22126557, -0.08833243, -0.057923853, -0.09715071, -0.08722872, 0.070685014]
155, [-0.04342044, -0.03798999, -0.0072479304, 0.09464978, -0.08460049, -0.051767923, 0.07054238, 0.13521594, 0.07954938, 0.0464568, 0.09004047, 0.034709986, 0.13468407, 0.008191092, 0.1588429, 0.041364785, -0.020892238, -0.010745766, 0.07296364, -0.050070383]
156, [-0.021510046, -0.2373463, 0.08133104, 0.0147568155, 0.21404622, -0.015761808, -0.13417666, -0.062055256, 0.43628073, 0.013022169, 0.13787009, 0.2998126, 0.052024595, -0.083465986, -0.35144854, -0.0037246402, -0.16257392, -0.12171656, 0.025190253, -0.2685107]
157, [0.062250808, 0.18904455, 0.0540214, 0.011554485, 0.042377714, 0.011821614, 0.068252824, 0.026691161, 0.008219611, 0.030107945, 0.00073371927, -0.029081814, -0.043134946, 0.1335238, 0.22943588, 0.03212088, 0.09727492, -0.009505481, 0.104649335, 0.042698693]
158, [0.14524716, -0.13845181, 0.004836535, -0.11162607, 0.10671566, -0.0026958801, -0.064990826, 0.019179415, 0.23633136, 0.049112942, -0.027664302, 0.13830945, -0.057356317, 0.023546522, 0.028698444, 0.102928914, -0.03419109, -0.11025926, 0.018737841, -0.15756759]
159, [-0.0557545, 0.061748933, -0.0033953276, 0.046224285, -0.10068346, 0.10600622, 0.03926607, 0.061941236, -0.13086185, 0.22634561, -0.16759008, -0.13677795, -0.17137629, -0.12394973, 0.24722311, 0.06935338, 0.09975942, 0.05900621, -0.0182297, 0.047452454]
160, [0.0062031443, 0.058802437, 0.06773367, -0.07503287, 0.009566861, 0.14585063, -0.08638315, 0.002450598, -0.0647137, 0.13221046, -0.092220046, -0.12809832, 0.1488801, 0.0004572894, -0.024833076, -0.06602061, -0.07195733, -0.06654512, -0.086565375, -0.011531096]
161, [0.0509012, -0.073526114, 0.04970639, 0.009754137, 0.23249291, 0.0035192186, -0.09725871, -0.076302566, 0.1905376, 0.034033153, -0.107855916, 0.007831241, 0.14645666, -0.1706218, -0.27173585, 0.023028696, -0.08512002, -0.12339786, -0.038327623, -0.055313088]
162, [-0.16364866, 0.11094717, -0.0027273488, 0.059512455, -0.026493248, -0.036189537, 0.08527455, -0.10477847, -0.035662152, 0.13603947, 0.10727519, -0.15333213, 0.12382206, 0.107313104, 0.24495293, -0.1920718, -0.007874404, 0.107122205, -0.004378796, 0.092193596]
163, [0.017702797, 0.039211858, -0.033832904, -0.17958662, 0.050020892, -0.0792463, -0.07979499, 0.009834861, 0.15748082, 0.08870287, -0.05166238, 0.22423989, -0.20778665, -0.10741603, 0.09143059, 0.0047893105, -0.13858117, -0.18147494, 0.022405392, -0.23551834]
164, [-0.037656628, 0.29007882, -0.0425776, 0.035383962, -0.03361053, -0.032394733, 0.10834436, -0.022540454, -0.053688265, 0.13935503, -0.16628273, -0.24255826, 0.091858216, 0.036675256, 0.21485054, -0.07433543, 0.06887247, 0.087427706, -0.010441519, 0.13183284]
165, [-0.10149329, 0.26354092, 0.004999272, -0.0014853673, -0.07873372, 0.012875441, 0.106309, 0.013190045, -0.3338107, -0.059074473, -0.002637876, -0.22036855, 0.18328504, 0.09697666, 0.18283051, -0.023432529, 0.27530688, 0.050601903, 0.025833631, 0.23620701]
166, [0.06610883, 0.083861396, 0.0122180795, -0.1292918, -0.00091827445, 0.13670656, -0.1472918, -0.028243566, 0.07007234, 0.1565583, -0.038038593, 0.025123693, 0.24128374, -0.26115495, -0.3215771, -0.011741078, -0.045371093, -0.1875661, -0.059008293, 0.019562997]
167, [0.0006574115, -0.08923093, -0.11200546, -0.02041819, 0.14055671, 0.006897655, -0.14745013, 0.028401172, 0.06155255, -0.019899707, 0.13005993, 0.058663975, 0.32985333, -0.19605923, -0.24794957, 0.046943035, 0.08537899, -0.11324995, -0.10999797, 0.10568838]
168, [-0.09671671, 0.16946325, 0.049115714, 0.10731839, 0.009185672, 0.14598048, 0.09726566, 0.0014904734, -0.32096675, -0.07720945, 0.04600307, -0.27972874, 0.1809152, 0.21978727, 0.31198102, 0.011315908, 0.1287207, 0.064605854, -0.06039439, 0.24070725]
169, [-0.041445017, -0.105131745, 0.095041536, -0.13355689, -0.0515491, 0.056156546, -0.0067890813, 0.00014221469, 0.22131197, 0.102635965, -0.06888205, 0.11782081, -0.24395707, 0.03474523, 0.13811609, 0.022125753, -0.13005313, 0.00060165004, 0.068372175, -0.36966607]
170, [-0.048812747, -0.10990271, -0.011824196, -0.004953886, 0.13505527, -0.07268207, -0.18689127, 0.0040208464, 0.14958133, 0.028948233, 0.11195422, 0.10345178, 0.04609752, -0.16564348, -0.2807542, -0.019001486, -0.25794458, -0.051397756, -0.0040669264, -0.13530481]
171, [0.016435772, -0.18559355, -0.011684172, -0.10037163, -0.015874121, -0.04930404, -0.101363525, 0.030842263, 0.011217026, 0.10076969, 0.04754719, 0.18516965, 0.005900852, -0.10348561, -0.07619287, 0.10825565, -0.18805382, -0.04325569, -0.042922318, -0.18669501]
172, [0.11371057, 0.02087109, -0.07900307, -0.14812349, 0.11490643, 0.003260924, -0.104131855, 0.10068867, 0.011566809, 0.08847117, -0.02040295, 0.013760856, 0.13510899, -0.24874832, -0.4117675, -0.06401421, -0.07879354, -0.082351595, 0.0112433275, 0.0614891]
173, [-0.054134622, 0.14432673, -0.10920066, -0.026763553, -0.27904162, -0.1450139, 0.16302477, 0.008248397, -0.40087563, 0.03420813, -0.023329232, -0.12225954, -0.08363983, -0.19492947, 0.17423327, -0.061344165, 0.26664913, 0.017182264, 0.060411047, 0.058201768]
174, [0.05271632, -0.07733217, -0.051475566, -0.10491668, 0.09424084, -0.02522163, -0.08216091, -0.06057885, 0.04633596, -0.0009314412, -0.012066388, 0.052263338, 0.13486941, -0.1008496, -0.30719912, -0.12917233, 0.20963293, -0.053180963, -0.030574972, -0.009119652]
175, [0.06480199, 0.19601718, -0.19314829, -0.07464963, -0.029554972, 0.082930766, 0.13875322, -0.08227478, -0.17551988, 0.114889026, -0.23866947, -0.0028658186, -0.009021845, -0.008237009, 0.03567006, -0.09231581, -0.005481588, -0.014854647, 0.01415641, 0.07741816]
176, [0.07493427, 0.12763114, 0.04399721, -0.070148975, 0.18648925, 0.07259685, -0.08022019, 0.0042346055, -0.047247723, 0.06304911, -0.07171965, -0.042707153, 0.15332374, -0.028707797, -0.15045528, -0.037962787, 0.06410129, -0.07997643, 0.010010468, 0.025519148]
177, [0.030239752, -0.0063237874, 0.04838418, -0.028477255, 0.029258052, 0.06346007, 0.07544787, -0.06410191, 0.075713955, -0.008901973, -0.17739905, 0.112510696, -0.2050578, -0.058766592, -0.41851646, -0.091185786, -0.06411389, -0.106552176, -0.03980765, -0.33308244]
178, [-0.0812504, 0.029920185, 0.1662481, 0.20948954, -0.09436906, -0.13965023, 0.035883557, 0.022606054, -0.08682817, -0.15684307, 0.09530239, -0.060395975, -0.060512085, 0.24932033, 0.37196478, 0.08753481, 0.05378774, 0.090710826, 0.008859533, 0.086442314]
179, [-0.0014880612, -0.13461559, 0.08546151, 0.12970692, -0.031020135, 0.055003397, 0.0013111162, 0.025458798, 0.11544069, 0.065801166, 0.021888925, -0.11034736, 0.001574896, 0.017840758, 0.07490104, 0.051541857, -0.04264674, 0.057891686, 0.0610562, -0.11242257]
180, [-0.2064684, 0.032897513, -0.052517015, 0.21120957, -0.119531155, 0.018955076, 0.17939115, -0.10025333, -0.23456827, -0.02348562, -0.059936468, -0.093087025, -0.04108905, -0.07926448, 0.3041736, -0.183005, 0.1544937, 0.33842963, -0.013814101, 0.09156136]
181, [0.052702285, 0.06477377, -0.044469986, -0.0051140613, -0.08665472, -0.15959571, 0.089041874, -0.053115655, -0.11645924, -0.092726775, -0.16159312, 0.00010968304, -0.3970879, 0.078689635, 0.09519247, 0.0033020014, 0.026951533, -0.008543373, -0.0868949, -0.20589924]
182, [-0.019802596, 0.05701271, -0.085171305, -0.0003638464, -0.010065428, -0.1271496, 0.000113092756, -0.040363144, -0.15925938, -0.0383997, 0.11394377, -0.022430226, -0.039820317, 0.13148181, 0.19221005, 0.054843035, 0.087402984, 0.16728246, -0.036168553, 0.041642338]
183, [0.042047024, -0.13073233, 0.014004636, 0.06363598, -0.014722854, -0.08558758, 0.04697349, -0.06277331, 0.021879267, -0.048301168, 0.08622285, 0.07715004, -0.28923905, -0.2519279, -0.17899905, -0.04409882, -0.104968, 0.017974624, 0.13195184, -0.29653704]
184, [-0.048727397, 0.23435678, 0.06229222, 0.14291026, -0.034207363, 0.17130108, -0.09338245, -0.059090924, -0.14090142, 0.12695421, -0.0770541, -0.27089405, 0.21389523, -0.25512707, -0.07399597, -0.01679974, 0.1489584, 0.18254216, -0.024508504, 0.31598124]
185, [0.039959896, -0.12778002, -0.010887351, -0.17661093, -0.0077910586, -0.15875217, -0.0005562663, -0.059372824, 0.2090044, -0.083548956, 0.15577126, 0.2596475, -0.39828694, -0.038427692, 0.0075025167, -0.060805753, -0.16557392, -0.18812403, 0.16800658, -0.28857148]
186, [0.054175075, -0.03870709, -0.05156884, 0.014160674, 0.17352112, 0.056693833, -0.066334724, 0.08177632, 0.15104362, 0.23513022, 0.013359615, -0.10685963, 0.15365586, -0.16515648, -0.3995945, -0.039231036, -0.02751333, -0.08796714, -0.14094055, -0.064122215]
187, [-0.09453568, -0.015787017, 0.041036606, 0.036712673, 0.3199285, 0.024233943, -0.26684955, -0.05122497, -0.066203356, 0.012106251, 0.11429306, -0.10811448, 0.30457386, -0.09011683, -0.22316316, -0.037551723, -0.10072176, 0.05161188, -0.098310016, 0.16602677]
188, [0.030579807, 0.09802887, -0.024542337, 0.0021916374, 0.17601225, -0.02958469, 0.009104505, 0.11398824, -0.092695735, 0.00035779463, -0.112675644, 0.061995, 0.07142814, -0.015208381, -0.22803672, -0.020631216, 0.07948288, -0.019606385, 0.10494011, 0.035066493]
189, [-0.0047556465, -0.09417878, 0.037614238, 0.020101191, 0.01451589, 0.003373532, 0.11240389, -0.039810017, 0.20302604, 0.064976275, 0.02541315, 0.2604015, -0.45174947, -0.06372741, 0.076066665, -0.13270834, -0.17429377, -0.18290965, 0.023446184, -0.09245525]
190, [0.04404181, 0.17592277, 0.05200681, 0.1213858, -0.08615865, -0.020725159, 0.043402243, 0.07985184, -0.1804666, -0.024264494, -0.051639065, -0.10704132, 0.017360136, -0.13833204, 5.213474e-05, 0.02274275, 0.17935963, 0.022045586, -0.0009014405, 0.27680254]
191, [0.003990624, 0.30749568, 0.05701235, -0.018468242, -0.20330898, 0.16747473, 0.2831069, -0.100466765, -0.5642732, -0.17837393, -0.091418356, -0.24909462, 0.14336465, 0.26631227, 0.12441745, 0.04535695, 0.22047986, -0.029965887, -0.08070904, 0.4884042]
192, [0.058964, 0.21285112, -0.0041239075, -0.06277424, -0.00014192452, 0.09001449, -0.018999912, -0.059714217, -0.19472574, -0.050697923, -0.02978075, -0.22524142, 0.25452882, -0.035598967, -0.17072353, -0.07115338, 0.12154201, -0.01682695, -0.06328714, 0.13853408]
193, [-0.049192447, -0.15810882, -0.057383507, 0.006319872, 0.09322337, 0.005353628, -0.047321644, -0.07450345, 0.2870138, 0.1564982, -0.076649904, 0.16060597, 0.042737614, -0.011304423, -0.06965333, -0.0033330205, -0.2384694, 0.11463365, 0.032132432, -0.01424586]
194, [-0.0842089, -0.12302439, 0.19657533, 0.16088562, -0.10802558, -0.20251076, 0.13697094, 0.030704059, 0.08417743, -0.13558741, -0.020938164, 0.023126645, -0.10489694, 0.06286274, 0.29397672, -0.058603883, -0.030506914, 0.040183354, 0.0711394, 0.08261462]
195, [-0.08473022, -0.17496109, -0.071225606, -0.006870413, 0.063344456, -0.11059192, 0.026917374, -0.109521165, 0.10537823, 0.10501354, -0.11401027, 0.025720773, -0.014557598, -0.05043454, -0.12498122, 0.03347176, -0.13057111, 0.10332124, -0.05302173, -0.16075172]
196, [0.08235693, 0.19556104, 0.025530258, -0.033187237, -0.07323845, 0.10000882, 0.051649444, 0.02300455, -0.19943371, 0.046684384, -0.12256397, -0.14949135, 0.2740336, 0.24974005, 0.11427062, 0.043160535, 0.23863031, -0.040383212, -0.0049764947, 0.12523735]
197, [-0.09762931, 0.037730794, 0.026666988, 0.15401666, 0.081647225, -0.12885994, 0.11559697, 0.13177481, -0.13889912, -0.16597266, 0.044812236, -0.11642881, -0.13786241, 0.07176673, 0.31942245, 0.09798528, 0.09461033, 0.12530857, 0.020749036, 0.12972821]
198, [-0.014702534, 0.31774852, -0.14722154, 0.2080788, -0.18265106, -0.12587155, 0.2692384, -0.056105006, -0.16221152, 0.07852717, -0.14655711, -0.12770188, -0.3528368, -0.010321931, 0.31873006, 0.069835, 0.16610618, 0.08696118, 0.15857178, 0.036564205]
199, [0.028092094, -0.21416609, -0.029756458, -0.08800481, -0.08641717, 0.06584205, -0.2115738, 0.0040673963, 0.101060845, 0.05894054, -0.04473374, 0.001085305, 0.09827516, -0.1814146, -0.29963514, 0.058640145, -0.09094592, -0.115611896, -0.031366866, -0.21325473]
