0, [-0.0069172666, -0.14907175, -0.2289178, -0.06174315, 0.007863501, -0.027093388, 0.0631573, 0.1439887, -0.01988365, -0.19263467, -0.09990348, 0.08306594, 0.048921414, 0.25540307, 0.14965583, 0.23927222, -0.0636669, 0.040763184, 0.114853196, -0.038439702]
1, [-0.008441389, 0.018975323, 0.017331995, 0.03667699, 0.022751283, -0.011081105, 0.045077763, -0.0064097014, -0.021147702, 0.02304822, -0.022468284, 0.024111848, -0.04130383, -0.1842652, -0.124779254, -0.05055828, 0.060469802, 0.029714763, -0.042285994, -0.0023807886]
2, [0.06364579, -0.038312096, -0.122142255, -0.025566474, 0.024795054, -0.039395638, 0.083820954, 0.08681825, 0.027011828, -0.09966082, -0.09641459, -0.0009852827, -0.03785865, 0.07218924, 0.09282906, 0.07954095, -0.025160924, -0.003772528, 0.033101697, 0.03533914]
3, [0.09404411, -0.03393133, -0.14022817, -0.065041676, 0.005269943, 0.018264327, 0.05417342, 0.09110235, 0.015311573, -0.09300264, -0.100299336, 0.04776719, -0.0050637643, 0.076547496, 0.11077526, 0.14557703, 0.014740765, 0.0011752835, 0.07365173, 6.36352e-05]
4, [-0.024394274, 0.031350177, 0.10124609, 0.063907385, 0.092009865, -0.003520798, 0.08860062, 0.092460126, 0.017211787, -0.022486752, -0.0012732394, 0.038418695, 0.013159262, -0.10058769, -0.03968737, -0.05510562, 0.008921486, -0.004166857, 0.024382265, 0.004165796]
5, [0.031233193, -0.035394363, -0.17908767, 0.014102873, -0.007064387, 0.0035667317, 0.07374896, 0.098232225, -0.050667338, -0.15489915, -0.09543696, 0.08763169, 0.01752185, 0.118800014, 0.10992613, 0.10956379, -0.0321611, 0.00093711505, 0.09119414, 0.04698444]
6, [0.036086906, 0.019154686, 0.026222551, 0.069108605, -0.014655549, 0.021135064, 0.014855551, 0.041312158, 0.022620237, -0.075814225, 0.012202012, 0.028387269, 0.013268313, -0.10795522, 0.0139031755, -0.053571697, 0.042999264, -0.056190964, 0.00672171, 0.0389732]
7, [0.033604104, 0.021814173, 0.017247451, 0.038183562, -0.018446699, 0.032905657, 0.08045912, 0.047917236, -0.066187195, -0.071996674, -0.021021686, -0.022613239, 0.036991745, -0.050227445, 0.060633607, -0.0014190404, -0.0032884858, 0.0037100117, 0.060487706, 0.055392046]
8, [0.029250607, -0.05124974, -0.055254783, 0.041159496, -0.0134592615, -0.012852761, 0.04134072, 0.07749113, 0.0028134016, -0.103183694, -0.038312364, 0.0011728775, -0.03039878, 0.13658784, 0.02161979, 0.104758166, 0.01596694, 0.018389408, 0.026515394, 0.027727]
9, [0.027159339, -0.009420733, -0.14344941, -0.034315903, 0.056455024, 0.03594062, 0.120672256, 0.053240284, 0.021196773, -0.17897247, -0.05269893, 0.07590563, 0.05798194, 0.043075092, 0.062385477, 0.11830289, -0.021563362, 0.021776456, 0.099945635, -0.032398418]
10, [0.053881526, 0.053124882, 0.02204039, -0.017748386, 0.043375745, -0.008731114, 0.09411228, 0.029796422, -0.019723974, -0.072134234, -0.0089217555, 0.04233548, -0.026390996, -0.084333256, 0.0002152244, 0.11028371, 0.025961298, 0.028682908, 0.052036453, -0.0281813]
11, [0.046557445, 0.012161011, -0.030251276, -0.013676139, -0.023337679, 0.036572184, 0.068632275, 0.062066346, 0.014145161, -0.002327411, -0.04296111, 0.035182137, 0.046651743, -0.08597272, -0.012618543, 0.026843276, -0.014751045, -0.02930675, -0.056344185, -0.007022589]
12, [0.056375373, 0.07007191, 0.019850478, -0.029693846, 0.035370905, 0.027227513, 0.067368425, 0.073957615, 0.02405289, -0.052960012, 0.013273249, 0.020376533, 0.031802837, -0.08392577, -0.030794082, -0.057252035, 0.05846884, 0.03269426, 0.011869667, 0.05758718]
13, [-0.00032982696, 0.14006269, 0.16808031, 0.07434379, 0.021347323, -0.008641714, -0.03512535, -0.00034921983, 0.017406875, 0.08160038, 0.09970896, -0.024889033, -0.10480026, -0.17132379, -0.16374849, -0.16550982, 0.032511808, -0.019198095, -0.07425769, 0.0027055733]
14, [0.06856398, -0.11384962, -0.15635012, -0.046063308, -0.012871039, -0.0014847068, 0.101464175, 0.12015439, -0.04346861, -0.13899007, -0.06419293, 0.07527671, 0.072941646, 0.18962939, 0.09774874, 0.13179985, -0.041608624, 0.027343884, 0.06637709, -0.012655008]
15, [0.04797564, 0.0270873, -0.051349368, 0.017913595, 0.01016292, -0.0098769665, 0.0830314, -0.005933275, 0.02033374, -0.058489844, -0.059138242, -0.008048181, -0.02299148, 0.0003688885, 0.0027762023, 0.0028921098, 0.020033324, -0.02641361, 0.01006867, -0.047785614]
16, [0.03276843, -0.027770605, -0.030270029, 0.0006287638, 0.004752991, 0.07097744, -0.06369322, 0.0034569046, -0.04962781, -0.018900136, -0.020750063, -0.041241102, 0.0357681, 0.00974429, -0.02334761, -0.043704554, -0.050745085, 0.0060524247, -0.049322415, 0.0084093455]
17, [0.08579866, -0.0091711525, -0.16328175, -0.027710568, -0.004362449, 0.04536417, 0.11494278, 0.108005956, 0.03061119, -0.16075918, -0.017933013, 0.034398176, 0.007655713, 0.1170088, 0.124761805, 0.12001251, 0.013140607, 0.022182627, 0.054121673, 0.0015398618]
18, [0.022986727, -0.05844471, -0.09467952, -0.05314873, 0.055205252, -0.028703753, 0.09898139, 0.11088924, 0.006078598, -0.08807233, -0.056134257, 0.046697117, 0.052038636, 0.038983006, 0.089310706, 0.14431933, -0.008859486, -0.043668557, 0.087673046, 0.031108465]
19, [0.040362787, -0.06738948, -0.11120651, 0.024362912, -0.053935595, 0.053552546, 0.018231105, 0.021640202, -0.06455934, -0.0860224, -0.01977472, 0.020667847, 0.025359005, 0.16979478, 0.1764421, 0.18486144, -0.028387113, 0.018385977, 0.08607302, -0.0073164497]
20, [0.026078042, -0.03578814, 0.009838015, 0.07331982, -0.03735063, 0.05042031, 0.030767994, 0.091603, -0.007181956, -0.053042304, 0.0012039398, 0.05922117, -0.013308718, -0.08588024, -0.08286831, -0.017148074, 0.030484071, -0.0384877, -0.023241444, -0.016990172]
21, [-0.0005728967, -0.007386184, -0.106020644, -0.046701193, -0.021244965, 0.000360679, 0.059222143, 0.04172794, 0.02778884, -0.13780266, -0.10996692, 0.035049643, 0.03789198, 0.08250959, 0.17775624, 0.1714893, -0.020771062, 0.01870887, 0.052861247, -0.016636817]
22, [-0.013830493, -0.16305645, -0.13084008, -0.0030822235, -0.0141183445, -0.00017197247, -0.010903052, 0.03810559, -0.0034589877, -0.16488501, -0.050692443, 0.086692646, 0.10704905, 0.2620359, 0.19852188, 0.2530897, -0.044036128, 0.06098598, 0.057296555, -0.043022268]
23, [0.05316154, -0.057889614, -0.13364069, -0.014079419, -0.010400634, 0.03266033, 0.09304366, 0.043445155, -0.055537418, -0.061734352, -0.10348849, 0.020922955, 0.026344603, 0.14837873, 0.16824844, 0.12843865, -0.03410775, -0.037972856, 0.086382255, 0.042378634]
24, [0.009929712, 0.09310009, 0.11494094, 0.07621746, -0.019704325, 0.02305604, -0.044627752, -0.027837671, -0.024489142, 0.07662355, 0.08554557, -0.04732548, -0.07683526, -0.16698772, -0.10940161, -0.14491755, 0.053579327, -0.016798226, -0.11874254, -0.013320115]
25, [0.0320461, 0.098974876, 0.07008375, 0.027568877, 0.06351343, 0.04496605, 0.07417283, 0.028131483, 0.023817401, -0.05479143, -0.0051359325, -0.009491171, 0.010467044, -0.13141923, -0.102968946, -0.14215717, 0.09706931, -0.07233445, -0.041616324, 0.03512692]
26, [-0.010432107, 0.09049738, 0.040034167, 0.06906871, 0.06377936, 0.023707738, 0.030367795, 0.014652257, 0.025863927, -0.01618555, 0.009578553, -0.012908969, -0.027190367, -0.17063135, -0.09640834, -0.117731586, 0.021213066, -0.0108943945, -0.044847835, -0.024463793]
27, [-0.0067541767, -0.02436151, -0.06956171, -0.027879631, 0.019107789, -0.023717728, 0.005820888, 0.038804114, -0.012252941, 0.0037516945, 0.00569905, -0.007307791, -0.0403471, -0.019394597, -0.043557126, 0.04493962, 0.02922049, -0.013619973, -0.044302136, -0.009552971]
28, [0.0128270835, -0.09632613, -0.15786119, -0.051389907, -0.04649625, -0.017479246, 0.027617672, 0.10505573, -0.05674806, -0.112227775, -0.12798995, 0.037811615, 0.04682441, 0.27173412, 0.16314432, 0.23952174, -0.042544898, 0.044904996, 0.062274575, 0.01380815]
29, [0.046047587, -0.11769752, -0.14672975, -0.075267196, 0.02694525, -0.025923068, 0.07310669, 0.026341178, -0.04493707, -0.059491873, -0.0944702, 0.034235902, 0.045406926, 0.24612415, 0.16239655, 0.14996618, -0.05132886, -0.0155427065, 0.058771238, -0.022660643]
30, [0.08899181, -0.08464026, 0.0073926663, 0.056771178, 0.04010441, -0.005593744, 0.11741821, -0.0004889839, -0.008480655, -0.08512094, -0.072974205, 0.043427255, 0.027389705, 0.045311376, 0.087184116, 0.016179137, -0.034731552, -0.010147741, -0.0022966168, 0.031452056]
31, [0.013748106, 0.035483308, 0.049728166, 0.042443514, 0.055393424, -0.0114052985, 0.098826505, 0.059469935, 0.0166024, 0.012677172, -0.038990438, 0.04098105, 0.054489493, -0.09656696, -0.071255066, -0.05410907, 0.067087084, 0.009783998, 0.0054975213, 0.04298856]
32, [-0.022832818, 0.06829562, 0.051748175, -0.0076380908, 0.0610493, -0.03552129, -0.10254112, -0.10317096, 0.024507342, 0.12938403, 0.06436393, -0.042680595, -0.065753944, -0.12789987, -0.19537434, -0.109945156, 8.8577974e-05, 0.023607755, -0.06326884, -0.02552439]
33, [0.07445723, -0.030095423, -0.052485514, -0.041438855, 0.0017511926, -0.019910524, 0.06525733, 0.050480463, -0.027374001, -0.098677255, -0.098202586, 0.022447689, 0.008475451, 0.06945728, 0.11609437, 0.099764556, -0.02749596, 0.038365975, 0.034742225, 0.020151554]
34, [-0.011308798, 0.09112756, 0.10994833, -0.013103102, -0.022975741, 0.036905523, -0.08309977, 0.0011327696, -0.02690854, 0.063407764, 0.08994264, -0.026882408, 3.706313e-05, -0.08737534, -0.13368818, -0.08122018, 0.048917152, -0.059171103, -0.08968096, -0.005133273]
35, [0.04211109, 0.02625491, -0.05060098, 0.06527112, 0.00045752927, 0.007401819, 0.10839648, 0.109287225, 0.030722432, -0.08372366, -0.03245253, 0.05824615, 0.04123081, -0.13417324, -0.008381122, 0.030926522, 0.03617954, -0.0049730605, 0.05574117, -0.009929118]
36, [-0.08408041, 0.00083202805, 0.05054595, -0.023057174, -0.060749773, 0.0132921105, -0.043170344, -0.07966344, 0.02957279, 0.026900506, 0.06924161, 0.009119906, -0.0213767, -0.03262787, -0.09653459, -0.07375783, -0.010603622, -0.018501263, 0.019010149, -0.005074014]
37, [0.04444567, 0.03988714, 0.06360606, 0.04639105, 0.07699464, 0.029414807, 0.070237406, 0.033416115, 0.0047619245, -0.04839883, -0.07273919, 0.034841005, -0.015087199, -0.15976223, -0.07225429, 0.03234375, 0.043632966, -0.010724872, -0.0123572415, 0.03971913]
38, [0.0015865951, 0.12495496, 0.15443231, 0.061326433, 0.055891063, 0.044526007, -0.04448728, -0.036898132, 0.049315836, 0.046986252, 0.03270168, -0.035593703, -0.09905042, -0.24603261, -0.09086338, -0.16460659, 0.11843775, 0.008227467, -0.038095884, 0.036983844]
39, [-0.007799204, 0.05176316, 0.17524779, -0.008241264, -0.036450103, 0.043623228, -0.06363007, 0.0019686343, 0.017687788, 0.06307989, 0.06431908, 0.027085302, -0.019167557, -0.18582843, -0.14789231, -0.1454469, 0.061419297, -0.008701877, -0.05312035, 0.04497349]
40, [0.06662433, 0.03066934, -0.050169755, 0.004059886, 0.008048582, 0.019402672, 0.08538926, 0.045194194, 0.017918618, -0.15916838, -0.044935904, -0.012431042, -0.029582871, -0.0335123, 0.11033526, 0.03774175, 0.03279546, -0.022480529, 0.07601902, -0.0028185935]
41, [0.026622925, 0.031948898, 0.1346638, 0.089369886, -0.042878512, 0.045574788, -0.0052666483, -0.03724449, 0.018387066, 0.13192418, 0.084092654, -0.043566342, -0.020217216, -0.13109258, -0.09062165, -0.08025706, 0.0019047126, -0.032209724, -0.010168995, -0.0018088599]
42, [-0.080530144, 0.08524553, 0.12075733, 0.049234807, 0.027874935, 0.023401367, -0.017939948, -0.0788619, -0.016669422, 0.13476314, 0.07201483, -0.037866514, -0.105963215, -0.18922932, -0.16726007, -0.19027272, 0.07122916, 0.03834021, -0.07349625, 0.003238008]
43, [-0.03750114, -0.08527235, -0.045956433, -0.038535625, -0.029289974, -0.030126696, 0.03497194, -0.0051378724, 0.022647727, -0.04321225, -0.07880218, 0.025183413, 0.044547893, 0.1179897, 0.12673737, 0.1187262, -0.029761363, -0.037487146, 0.07302716, -0.05163177]
44, [0.05662542, -0.068772696, -0.14152537, -0.04839136, -0.09758032, 0.029388959, 0.074200526, -0.006771419, -0.051248673, -0.08402752, -0.031757005, 0.026403533, 0.029037856, 0.22410722, 0.11956314, 0.1858679, 0.009085354, 0.027073024, 0.07076035, -0.014951324]
45, [0.035047453, -0.001691562, 0.029179687, -0.002734069, 0.02503617, 0.050101787, 0.101708904, -0.010577954, 0.032982428, -0.041001264, 0.00985938, 0.029975634, 0.027493715, -0.10005981, -0.064320914, 0.025209997, 0.12407258, -0.016177086, -0.0422211, 0.0071238936]
46, [-0.016364528, 0.16129906, 0.24066001, -0.0010014777, 0.052622627, -0.029376552, -0.12273422, -0.045521993, 0.002768292, 0.15766272, 0.16572104, -0.12617455, -0.035746455, -0.27198127, -0.2742905, -0.29277384, 0.033760466, -0.009135974, -0.109754466, -0.0040929136]
47, [0.035156414, 0.054902237, 0.01695355, -0.010217103, 0.037468664, 0.053739555, 0.08214414, 0.06384682, 0.027777119, -0.07400323, -0.031489868, 0.039868217, 0.010987879, -0.15176679, -0.026827974, -0.06327171, 0.05626298, -0.06491555, -0.0057752645, 0.015984291]
48, [-0.020090805, -0.044401158, -0.09704993, -0.0648316, -0.0045716013, 0.03897322, 0.031192023, 0.038341783, -0.06321689, -0.04069384, -0.07985148, 0.055325426, 0.006945717, 0.081637174, 0.08454875, 0.0490791, -0.037369817, 0.039607365, 0.016145725, 0.031328935]
49, [-0.007086692, 0.09737094, 0.15435538, 0.05991059, 0.03553052, 0.04023291, -0.11027393, -0.09572676, 0.07002388, 0.16837299, 0.067077965, -0.045164287, -0.053525034, -0.13765791, -0.21872813, -0.1759492, 0.044311635, 0.009713967, -0.06065985, 0.005135178]
50, [0.012389832, 0.009090059, 0.043681104, 0.014024901, 0.0612382, 0.04889844, 0.058558397, 0.05188731, -0.0033346314, -0.08003373, -0.0022687863, 0.039642528, 0.008274369, -0.09520778, -0.08676425, 0.0023357538, 0.07259621, -0.030642714, -0.0071698776, -0.022725658]
51, [-0.05442855, 0.12084341, 0.109426446, -0.0069315652, 0.040309686, 0.03245117, 0.005162186, -0.040226966, 0.010586941, 0.11908249, 0.06323305, 0.0078109335, -0.07148595, -0.21815616, -0.18059461, -0.15124097, 0.0062154327, -0.02746362, -0.07773422, 0.05568353]
52, [-0.045167122, 0.022352496, 0.025465393, 0.04651433, -0.03571662, -0.015771423, -0.16615437, -0.06640043, -0.016409054, 0.19026996, 0.11094205, 0.04380977, -0.055085324, -0.037025474, -0.12505454, -0.11952729, -0.006537858, 0.023518486, -0.114598684, -0.048760366]
53, [-0.015492396, -0.113592975, -0.11195549, -0.01503551, -0.08392816, 0.0032297063, 0.03298458, -0.024413852, -0.0040329755, 0.018724065, -0.110064514, 0.047786336, 0.022682935, 0.13207579, 0.15895078, 0.09361903, -0.073348954, 0.023027008, 0.0832937, 0.017638985]
54, [0.014887316, 0.06788622, 0.06338502, 0.034946203, 0.00066843536, -0.043118823, 0.052903943, -0.00677684, -0.05073031, -0.032629035, -0.02159603, -0.023166345, -0.03885112, -0.08242584, -0.030038228, -0.06501182, 0.03579075, -0.01978423, -0.053870145, 0.0314046]
55, [-0.03464815, 0.059859198, 0.090677194, 0.050634123, -0.022097617, 0.010718991, -0.14784423, -0.09252358, 0.042242307, 0.13950855, 0.12779343, -0.02533934, -0.03508645, -0.14188904, -0.14195704, -0.19684444, 0.0082418015, -0.026227038, -0.09345562, -0.0054431083]
56, [-0.0038755913, -0.0213329, -0.0011333685, -0.025777383, 0.032495927, 0.056409955, 0.11686656, 0.108144164, 0.011558853, -0.07990184, -0.09495776, -0.020825112, 0.038414072, 0.019087272, 0.023840807, 0.028975071, 0.029470215, 0.0019561972, 0.020553665, -0.009717421]
57, [-0.029163267, 0.057523843, 0.07194722, -0.021139614, 0.013335552, -0.030376026, -0.04231207, 0.014714992, 0.027327644, 0.016001033, 0.06918515, -0.025252467, -0.033613417, -0.11650613, -0.09622809, -0.12987228, 0.064113505, -0.0065818196, -0.01683818, 0.063367]
58, [0.0036113898, 0.055477634, -0.030974494, -0.020949785, 0.04362717, 0.028908486, 0.09040288, -0.0008473459, 0.043901794, -0.07518868, -0.031583566, 0.03485, -0.01305504, -0.06438715, 0.029352244, 0.02052846, 0.07865226, -0.033746596, 0.043790106, -0.022625964]
59, [0.022088654, -0.13208576, -0.14534923, -0.004741187, -0.018819181, 0.03142464, 0.053048458, 0.045575444, 0.03665608, -0.11201764, -0.112334155, 0.06616128, 0.018207572, 0.18639933, 0.17890805, 0.18477432, -0.09969546, -0.021641152, 0.054443445, -0.0259879]
60, [-0.010755977, -0.11807154, -0.19796333, -0.00868508, -0.06464442, 0.025010685, 0.009393049, 0.031912234, -0.03669484, -0.047528297, -0.017136678, 0.03043809, 0.021149749, 0.27743655, 0.18827513, 0.20384628, -0.118764624, 0.030790854, 0.025966745, -0.08588125]
61, [0.023921069, -0.030345924, -0.087507896, 0.004846008, -0.02463731, 0.009991082, 0.060815997, 0.015169924, -0.005237702, -0.0868945, -0.12097249, 0.03994752, 0.074633986, 0.11966873, 0.16017295, 0.14654091, -0.03628869, 0.06638016, 0.028511703, -0.014603144]
62, [0.038005423, 0.010808014, -0.036913052, 0.011972556, -0.06115078, 0.034970615, -0.019560132, 0.018873809, 0.024333557, -0.03203995, -0.03311171, 0.015835393, 0.0021652577, 0.079800494, 0.044247314, 0.02845156, -0.04358412, 0.02190236, 0.002900089, -0.013869687]
63, [-0.02124911, -0.12635012, -0.15351713, -0.08193743, 0.026607135, -0.048868556, 0.033716112, 0.07518804, -0.013314192, -0.13004315, -0.092609756, 0.054918762, 0.06534108, 0.2382365, 0.19350885, 0.14941968, -0.031950645, 0.056386437, 0.07322431, -0.040262487]
64, [-0.04114995, 0.14023143, 0.16990378, 0.034666836, 0.07124902, -0.03044527, -0.08503919, -0.10658234, -0.0082307, 0.079313345, 0.06835423, -0.09951423, -0.034167245, -0.23120368, -0.1881402, -0.1694368, 0.05410862, -0.035480563, -0.046937317, 0.059980575]
65, [-0.074205644, 0.1025807, 0.13752934, -0.0011440128, -0.020116253, -0.061317682, -0.05803775, -0.014974147, 0.030225616, 0.14529984, 0.045982223, -0.06281362, -0.06858013, -0.17160381, -0.0955017, -0.15176661, 0.058997218, 0.033692732, -0.032177616, -0.0474442]
66, [0.038858462, 0.14025065, 0.1398778, 0.05504099, 0.0109193595, 0.03944835, -0.013763302, -0.019944184, 0.03230722, 0.027110493, 0.09243105, -0.0075998357, -0.0038575355, -0.27360687, -0.111091815, -0.13224253, 0.0652543, -0.06058851, -0.043453705, -0.014560893]
67, [0.036254298, -0.028832145, -0.044905074, -0.004977249, 0.051881295, 0.017309112, -0.0037742401, 0.06677554, -0.048231896, 0.026565753, 0.021029163, -0.033182375, -0.0010681921, 0.073003665, 0.006527691, 0.058345452, 0.0014503517, -0.020510817, 0.025842477, 0.018157132]
68, [-0.036834676, 0.015189198, 0.12813663, 0.019034289, 0.012319114, 0.020773958, -0.052347526, -0.028340068, 0.004387033, 0.09447179, 0.03340926, -0.09784501, -0.05504186, -0.14468989, -0.08049995, -0.17356932, 0.04692011, -0.041073572, -0.030018471, 0.018388359]
69, [-0.019469142, 0.064681284, 0.066971585, 0.0683401, 0.052876763, 0.05677591, -0.019889887, -0.010553181, -0.0036280504, 0.07459953, 0.0067911157, 0.01116951, -0.0041976315, -0.17186393, -0.1316711, -0.14126927, 0.055068877, -0.002283674, -0.037194982, -0.03948804]
70, [0.030360125, 0.17511453, 0.13823564, -0.0014775329, 0.04567004, 0.05205585, -0.0731176, -0.046563018, 0.094679736, 0.0708404, 0.108744755, -0.06246262, -0.024070928, -0.25016493, -0.25898042, -0.2224642, 0.10531553, -0.009717522, -0.10904105, 0.003396035]
71, [0.020639876, -0.0040972596, -0.016668305, 0.021905791, 0.005512447, -0.03605328, -0.050508827, -0.039745517, 0.045074213, 0.004319011, 0.08962998, -0.068391606, -0.029180234, 0.060223274, 0.024601575, 0.038736816, -0.049435075, 0.032377843, 0.027796082, -0.059087615]
72, [0.025689257, -0.043998465, -0.007488167, -0.038490836, 0.0016382575, 0.04145074, 0.056564298, 0.12172321, -0.05420473, -0.12274935, -0.0376766, 0.07142741, 0.012127316, -0.06296264, 0.0073521235, 0.06087361, 0.040938567, 0.0014425091, 0.026016522, 0.04430474]
73, [-0.11036935, 0.11855886, 0.17847092, 0.02770088, 0.008325855, 0.0027507097, -0.16242963, -0.09247366, 0.008686706, 0.20975375, 0.19983047, -0.12434955, -0.09357204, -0.1829807, -0.26581535, -0.2693585, -0.026930416, -0.07825904, -0.1658447, -0.0012102717]
74, [-0.012460666, -0.010779255, 0.027392253, -0.007753426, -0.042436227, 0.062481493, -0.018063355, -0.014700991, -0.033777423, 0.026867526, -0.02120259, 0.005911601, -0.025214236, -0.017409753, 0.0099483095, -0.06398438, -0.0063079554, 0.0083294995, 0.00595583, 0.047350507]
75, [-0.06976336, 0.026380131, -0.026395224, 0.06878794, -0.06062101, -0.02244404, -0.087336116, -0.051599514, -0.037882652, 0.13056059, 0.037828304, -0.019913847, -0.054326914, 0.0044490364, -0.09728408, -0.009970226, -0.016692745, 0.03502989, -0.039353322, -0.012140281]
76, [-0.001973868, -0.090804, -0.11104291, 0.015867626, -0.024102699, -0.012096009, 0.06631819, 0.05981327, -0.002068286, -0.091996744, -0.114244096, 0.07366571, 0.04557164, 0.13445948, 0.08589883, 0.13674465, -0.003192589, 0.06813231, 0.07467798, -0.011266877]
77, [0.039925173, 0.014641337, 0.04489632, -0.026772246, -0.04121747, 0.009064955, 0.031336874, -0.0018519065, -0.001160248, -0.024294805, -0.022491291, -0.06229297, -0.07984603, 0.036061995, -0.06199427, -0.01540189, 0.025269741, -0.036978908, 0.038869888, -0.011437803]
78, [-0.017250579, -0.110249706, -0.1916403, -0.017177695, -0.004646498, 0.011775256, 0.055195753, 0.05971797, -0.02879515, -0.1327558, -0.032542314, 0.06711716, 0.025699386, 0.23529272, 0.1626856, 0.17288625, -0.07360265, -0.029658351, 0.09189544, -0.02986121]
79, [0.031078639, -0.0404483, -0.031387534, 0.004320236, -0.03289176, 0.03091166, 0.043491106, 0.05024638, 0.0006927049, -0.13970876, -0.034233667, 0.059233986, -0.010707019, 0.06775211, 0.09192084, 0.10444995, -0.021159992, -0.01775365, 0.103361174, 0.013023656]
80, [-0.037147067, -0.16978826, -0.16459428, 0.009035605, -0.09545309, -0.0008247174, 0.034630053, 0.013269909, -0.002285331, -0.079914965, -0.04486271, 0.033978626, 0.05997907, 0.23077874, 0.23376417, 0.18482642, -0.11426718, 0.053957127, 0.04285992, -0.004427292]
81, [0.01357808, 0.023600746, 0.06817428, 0.033598296, -0.025556793, -0.0030952382, -0.06459117, -0.029277293, -0.028863132, 0.039139282, -0.016695391, 0.0030284077, -0.025568169, -0.035086013, -0.09874979, -0.07688013, 0.015985344, -0.09283144, -0.082619034, 0.056232788]
82, [-0.018880043, -0.07566841, -0.09925305, -0.06262321, 0.0019021779, -0.031471446, 0.080966055, 0.0640169, -0.01797064, -0.062488277, -0.084438294, 0.04243845, 0.02648008, 0.171388, 0.110020585, 0.15843417, -0.008318153, -0.025692647, 0.017506987, 0.007121668]
83, [0.0013861799, -0.11833164, -0.14769004, -0.054246124, -0.03815752, -0.047285378, 0.02505656, 0.014767085, -0.048579246, -0.115391724, -0.033234324, 0.067451686, 0.03406354, 0.22128999, 0.16615908, 0.19344111, -0.058868274, 0.017078899, 0.037133943, -0.033722848]
84, [-0.05700585, 0.05062297, 0.15994577, 0.053964764, -0.047325768, -0.018077368, -0.07758691, -0.11109249, -0.050324038, 0.0414512, 0.07994824, -0.088066325, -0.090378284, -0.19473094, -0.16017723, -0.18136425, 0.004425973, -0.08709871, -0.026627097, -0.021535045]
85, [-0.051733594, 0.0062851165, -0.017095191, -0.053507578, -0.09073267, 0.026679391, -0.03440668, -0.10042205, -0.023564192, 0.029758137, 0.049842708, -0.06768297, -0.0274816, 0.037430294, 0.02432227, 0.061298676, -0.056386314, -0.01915353, 0.0025126643, -0.058407288]
86, [0.023809282, 0.03854307, 0.15359111, 0.036580108, -0.0023563858, -0.040311057, -0.077265136, -0.07017161, 0.0014833218, 0.071692616, 0.08743377, -0.108086415, -0.058491457, -0.16224147, -0.17696527, -0.07914818, 0.078825474, -0.002203928, -0.010049525, 0.0095750615]
87, [0.019326419, -0.10278132, -0.082296774, 0.015893487, 0.047807064, 0.0075832703, 0.037393272, 0.052493032, -0.014087038, -0.054224618, -0.037575506, 0.044131014, -0.009466261, 0.13891491, 0.14440209, 0.124165274, -0.05376011, -0.025888529, 0.072717965, 0.012354209]
88, [-0.012856194, 0.053465042, 0.04656556, 0.0066419505, -0.05970241, 0.041278288, -0.043392733, -0.08251804, -0.011311836, 0.1328796, 0.10518447, -0.012314182, 0.017070282, -0.12362163, -0.10465605, -0.17061834, -0.008819151, 0.022714641, -0.11711312, 0.05324133]
89, [0.065130435, -0.006973659, 0.029004017, 0.013303448, 0.039757665, 0.018851465, -0.01817015, -0.004474788, -0.008529436, -0.05768802, -0.01568216, -0.022583472, 0.03521916, -0.0013292385, -0.01619717, -0.0042996774, 0.035745293, -0.011564331, 0.023255175, -0.049310334]
90, [0.014674608, -0.16007927, -0.18761721, -0.017932218, -0.05115027, -0.01353452, -0.02516865, 0.004345057, -0.03247812, -0.09369726, -0.007515651, 0.0041998494, 0.062372554, 0.2655653, 0.22851625, 0.17915991, -0.053657655, 0.0593179, 0.07085423, 0.0024364127]
91, [-0.04446846, -0.05168251, -0.058875576, 0.0019671104, -0.028885473, 0.06014004, -0.0009705676, 0.047136117, -0.07173002, -0.03696545, -0.04092242, 0.050251577, 0.04904321, 0.18397747, 0.12719181, 0.10208441, -0.0450591, -0.0060537728, 0.046802573, -0.014556093]
92, [-0.039675787, 0.17100218, 0.19117749, 0.04657239, 0.062283088, -0.045168083, -0.11140134, -0.04020028, 0.042375192, 0.17988548, 0.13712014, -0.1123647, -0.033344653, -0.2578304, -0.24693415, -0.2407411, 0.05363132, 0.031226499, -0.11365212, 0.024745276]
93, [0.04523678, -0.097595625, -0.13596293, -0.01844286, 0.014880677, 0.03643998, 0.022500886, 0.1013886, -0.010761565, -0.14496082, -0.0811908, 0.058029544, 0.0779542, 0.26392117, 0.1797881, 0.1949792, -0.08450846, 0.029512815, 0.04859552, -0.009472625]
94, [0.0295442, 0.10193051, 0.1449627, 0.036706127, -0.012694239, -0.014854445, -0.09410244, -0.11380704, 0.02004178, 0.066732235, 0.058967125, -0.09783047, -0.05747794, -0.15342408, -0.12919249, -0.15622249, 0.070032805, -0.041352477, -0.064697795, -0.013997757]
95, [-0.05027082, 0.10370435, 0.20766751, 0.036727108, 0.041828856, -0.03385905, -0.16034631, -0.10244395, -2.952564e-05, 0.23361075, 0.102713265, -0.05847314, -0.04666273, -0.20919305, -0.20044388, -0.24573183, 0.06588143, -0.024626717, -0.083573714, 0.018469958]
96, [0.08631971, 0.00080127164, -0.007988445, -0.0059559704, -0.024371559, -0.02882153, 0.04120018, 0.050556324, 0.014790024, -0.038537145, -0.009574767, -0.037045762, 0.018181616, -0.01837695, -0.056683954, 0.026489548, 0.055755146, -0.026591236, 0.029152296, 0.0040465654]
97, [-0.041973766, 0.0134235, 0.05866174, -0.05924783, 0.013788672, -0.031712268, -0.065177925, -0.004005515, -0.030555468, -0.025331538, 0.014565001, 0.05427567, -0.004048175, -0.03666136, -0.056475583, -0.05239474, 0.055668455, -0.03868819, 0.0038351554, 0.03890749]
98, [0.060370985, 0.046164446, 0.03753069, 0.05772353, 0.06531968, -0.06650594, 0.046864554, -0.019317634, 0.0045765582, -0.082467996, 0.015060677, 0.04865298, 0.05410059, -0.07633861, -0.0020496221, -0.018515062, 0.037600927, 0.00085464586, -0.056683257, 0.04641346]
99, [0.026712494, -0.08956531, -0.14991257, -0.043542344, -0.014800893, 0.028219046, 0.08481761, 0.061656985, -0.03138276, -0.12895206, -0.041772373, 0.065541156, 0.077849455, 0.2288132, 0.17143235, 0.2416934, -0.0714852, 0.06688979, 0.0422219, -0.023609273]
100, [0.000722775, 0.0048691626, -0.05783626, -0.02331748, 0.01669604, 0.007817711, 0.074518375, 0.054983087, -0.038075663, -0.005329407, 0.028970543, 0.025774183, 0.0013372086, 0.08229217, 0.010615323, 0.03961191, 0.0091769025, -0.006282467, 0.03595602, -0.043642513]
101, [0.010354012, -0.03723269, -0.1865671, -0.04005863, 0.0062888777, 0.008631932, 0.036194436, 0.047093946, -0.031206438, -0.13309342, -0.06634867, 0.06596603, 0.043560375, 0.22216327, 0.14198336, 0.17325112, -0.035926733, -0.010474041, 0.10353103, -0.045348283]
102, [0.019541461, -0.07334793, -0.06455608, -0.016729224, -0.0034114602, 0.012034698, 0.07116482, 0.0621474, -0.03856226, -0.13359475, -0.10579565, 0.08719082, 0.04452597, 0.13470705, 0.10826426, 0.16621554, 0.018240498, 0.00010203579, 0.067738675, -0.0481866]
103, [0.035020556, 0.0021952097, 0.04440589, 0.021418111, -0.032791108, 0.05527514, -0.044707224, -0.04829171, 0.020759245, -0.017763404, 0.04374593, -0.011985205, -0.007112557, -0.0016825722, 0.0025651406, -0.019364823, -0.007655386, 0.0032538802, 0.0011174988, -0.024574954]
104, [0.042477593, -0.054903913, -0.032614306, 0.010119486, -0.010232058, -0.015261201, -0.031079642, 0.0345491, -0.05007325, -0.058818698, -0.011961522, 0.0667053, 0.06599046, 0.10727375, 0.0954888, 0.043956395, -0.056434114, 0.029017115, -0.026897196, -0.018539062]
105, [0.042736806, 0.021553198, 0.05091054, -0.025409205, -0.020632101, -0.027887464, -0.03239946, 0.04083787, -0.021747805, 0.009327153, -0.01483441, 0.024403527, 0.023815952, -0.0036555007, 0.012118335, 0.0013790843, -0.04450573, 0.037886247, -0.0100163855, -0.05303223]
106, [0.027924594, -0.079263076, -0.03746215, 0.0007187232, -0.013015441, -0.0350171, -0.06188909, 0.035851434, 0.03773615, -0.025676472, 0.0007371106, 0.02387851, 0.043458894, 0.047024406, 0.056128763, 0.06676084, -0.01598814, -0.0016214594, -0.008011164, -0.052070193]
107, [0.014952187, -0.030642226, -0.023747554, 0.03609243, -0.04037886, -0.005510738, 0.06561712, 0.058274705, 0.0019911588, -0.040635653, -0.063504376, -0.013482404, 0.00815514, -0.017026896, -0.0044114874, 0.016381536, -0.012416492, -0.014618306, -0.009039631, -0.04720295]
108, [0.03434678, 0.043844596, 0.029884262, 0.0009253372, 0.06919525, 0.027349316, 0.07072266, 0.02405085, 0.051588528, -0.025263688, -0.008127617, 0.012509972, -0.030196777, -0.02284917, -0.006992089, -0.005748073, 0.040014986, -0.030612234, -0.049194716, 0.028408013]
109, [-0.022416497, 0.032353666, 0.04596286, -0.005373435, 0.015530102, 0.029392404, 0.013608027, 0.029659657, 0.04668694, 0.034944206, 0.06352496, -0.017530173, -0.024748376, -0.10457122, -0.006976774, -0.06363935, 0.033035144, 0.01021695, 0.011367942, -0.02225402]
110, [-0.08671267, -0.015430202, -0.002159699, 0.051594093, -0.037557203, 0.033231135, -0.14894518, -0.00499135, 0.017358432, 0.16452001, 0.045093145, -0.0013781191, -0.00800632, 0.025178852, -0.01847831, -0.035105553, -0.12206004, -0.0060229977, -0.03896421, 0.061949924]
111, [-0.00016961894, -0.08988516, -0.15087067, -0.04890855, 0.0063815964, 0.022826284, 0.020617252, 0.00021517742, 0.022447577, -0.0822028, -0.050982594, 0.06784971, 0.061437566, 0.20037766, 0.16341826, 0.1579796, -0.049529005, 0.062627114, 0.0032639562, -0.05436209]
112, [-0.015590445, 0.03013497, -0.010411422, 0.03381328, -0.0075628976, -0.019209273, 0.11360975, 0.09666166, -0.02168523, -0.13561429, -0.05420686, 0.038189925, 0.03432462, -0.034869775, 0.029394945, 0.065513894, 0.034088593, 0.03593864, 0.028158477, 0.029047508]
113, [0.022258334, -0.029392345, -0.07662328, -0.009882008, -0.06184787, 0.020082412, 0.0690124, 0.047866262, 0.0028847852, -0.053868745, -0.06501447, 0.043278508, -0.0003137486, 0.009278189, 0.17911078, 0.08266302, -0.02131456, -0.0207592, 0.10793695, 0.042904686]
114, [-0.06277976, -0.068446904, -0.14575389, -0.015418236, -0.105532564, 0.0153199015, -0.021851398, 0.026845666, -0.044067737, -0.042881556, -0.057759993, 0.04337536, 0.020783525, 0.22007066, 0.18022344, 0.14495444, -0.095736116, 0.0027171606, 0.057195637, -0.03876031]
115, [0.06629943, -0.018101752, 0.06847561, 0.039479952, -0.010247457, 0.057754792, 0.0087426435, -0.004170958, -0.0019982303, 0.010917452, 0.056874536, -0.05450759, -0.007612574, -0.08960413, -0.09805044, -0.059167556, 0.0073934924, 0.018806111, -0.01782593, 0.004152279]
116, [-0.00048887637, 0.012671002, 0.0077429595, -0.047830615, 0.05528069, 0.005183448, 0.07203662, 0.09066006, -0.004403224, -0.08503817, -0.0653518, 0.049590487, -0.00938654, 0.04128319, 0.0818523, 0.057022363, -0.02634709, 0.033926714, -0.014507028, -0.029082133]
117, [0.05669819, -0.04666796, -0.06065652, 0.051549766, 0.0073118648, 0.03640389, 0.044910483, 0.0070055723, -0.038192455, -0.07781683, -0.029398125, 0.045024816, 0.030153245, 0.025869872, 0.044642724, 0.054432992, -0.030852215, 0.00860716, 0.06758749, -0.020819644]
118, [-0.016053667, 0.13477598, 0.15671735, 0.036060065, 0.0066824136, -0.02960423, -0.053959228, -0.084184244, 0.03869771, 0.13604166, 0.07712411, -0.08042182, -0.069650024, -0.14160572, -0.16373475, -0.16301768, 0.06994853, 0.032273617, -0.0044112657, 0.00630164]
119, [0.0070952917, -0.12564722, -0.2083726, -0.03572743, -0.04840495, -0.048451014, 0.010600784, 0.06907762, 6.3335356e-05, -0.067522794, -0.08316983, 0.09926345, 0.031488467, 0.2630349, 0.17251049, 0.2639192, -0.11621907, -0.005094597, 0.11032488, -0.08442951]
120, [-0.025703693, 0.076754585, 0.16896875, 0.012117572, -0.007296134, -0.010415457, -0.06583659, -0.04341171, 0.036298454, 0.14584863, 0.1236883, -0.0059205145, -0.028199231, -0.21071829, -0.110485785, -0.12581106, -0.01960973, 0.019253865, -0.020933673, -0.0029235145]
121, [0.03853469, -0.1333286, -0.15501453, -0.009239315, 0.030630985, 0.015014079, 0.081078, 0.019723851, 0.0064543462, -0.10605963, -0.070491984, 0.10139712, 0.034228165, 0.21968327, 0.14110179, 0.25271916, -0.024416491, 0.07048427, 0.047057524, 0.015378793]
122, [0.013790442, -0.0017899771, -0.010024554, 0.020010753, 0.042699356, 0.016720014, 0.04355975, 0.11573317, 0.058868356, -0.058032572, -0.0694772, 0.035228975, 0.021765083, 0.023924459, 0.02905283, 0.075182945, 0.008510087, 0.01197512, 0.026188323, -0.048528988]
123, [0.048105534, -0.1014345, -0.18905288, -0.038752455, 0.019521594, 0.0064436365, 0.06906193, 0.007613945, -0.048656587, -0.048610635, -0.05975867, 0.064778805, -0.006344752, 0.19160812, 0.1272188, 0.15123759, -0.03670552, -0.02475037, 0.09618919, -0.046309147]
124, [0.008353344, 0.020372272, 0.030054683, 0.04542534, 0.011995788, 0.044814, 0.042961106, 0.032692507, -0.02794566, -0.014292823, 0.024046885, -0.010880966, 0.037247404, -0.07855438, -0.049565367, -0.003990527, 0.01783311, 0.021926168, -0.061562233, 0.032583028]
125, [-0.04028018, 0.09195297, 0.15639804, 0.013421504, -0.039530598, -0.024284847, -0.06302081, -0.048857696, 0.06383104, 0.15921903, 0.16766551, -0.07578886, -0.049849328, -0.17960884, -0.18637682, -0.10526442, 0.03682651, 0.0476743, -0.045582335, 0.00081712933]
126, [0.0667945, -0.035994608, -0.063987166, 0.005439512, 0.0037991242, -0.02154533, 0.111855164, 0.041161347, 0.026956372, -0.09748853, -0.031344667, 0.109382845, 0.016972575, 0.035032563, 0.113324344, 0.107689805, 0.052722096, -0.021591546, 0.017132385, -0.019787753]
127, [-0.08742883, 0.123974614, 0.14630415, 0.011820432, -0.012775761, -0.06967468, -0.10238178, -0.11851595, 0.024125198, 0.21680951, 0.13862608, -0.061195243, -0.020822542, -0.25157416, -0.21180944, -0.24472216, 0.07339003, 0.010865258, -0.06769102, -0.019622393]
128, [0.0053562354, 0.06758735, 0.06028511, -0.0037534053, 0.042555876, 0.018712763, -0.055715177, -0.014201883, 0.004791392, 0.053923808, 0.029418247, -0.053067047, -0.101616375, -0.0085666245, -0.051115364, -0.071470514, -0.057330932, -0.04030329, 0.024640514, -0.03645184]
129, [-0.040928807, 0.033513486, 0.116015196, -0.041232176, -0.063461766, 0.032732792, -0.11186477, -0.101629615, 0.00011041504, 0.04994442, 0.05941823, -0.038057353, 0.001985299, -0.013699269, -0.122077145, -0.05636558, -0.051999178, 0.055642303, -0.04547675, -0.018950412]
130, [-0.040380627, -0.06115587, -0.04740559, -0.031813372, 0.000103181046, 0.000887744, 0.06230074, 0.027904494, 0.017510539, -0.042275526, -0.057130978, 0.021768313, 0.011531309, -0.053832214, 0.013759373, 0.028070986, 0.01855511, -0.008075169, 0.03698912, -0.04923204]
131, [0.027686741, -0.05811132, -0.12278237, 0.018246464, 0.020934727, 0.051499832, 0.0070077875, 0.014672387, -0.03484748, -0.03424666, 0.0125780655, 0.05127233, 0.008683042, 0.18683836, 0.13480765, 0.13492282, -0.07369094, -0.010935329, 0.057544205, -0.017564932]
132, [0.026296897, -0.019340279, 0.063119315, 0.027155643, -0.013648639, 0.022209011, 0.064595886, 0.02885154, -0.042404402, 0.0063869073, 0.0023101019, 0.033449385, -0.0550995, -0.05186229, 0.01980783, -0.06258158, 0.044710506, -0.0016275387, 0.0040554996, 0.0572774]
133, [0.06299854, -0.019321887, -0.053435452, -0.017131347, 0.022487016, -0.0013221321, 0.0020673843, -0.021163464, -0.04276447, -0.05341738, -0.010039138, 0.09165925, -0.0132852215, 0.06474643, 0.040100485, 0.05804655, -0.043578167, -0.04045404, 0.023129508, -0.0140074715]
134, [-0.008561764, 0.01718569, 0.03199561, -0.0048585455, 0.04006973, 0.03164285, 0.03676965, 0.0042992467, 0.06014148, -0.07336697, -0.028852463, 0.057513498, -0.04858733, -0.02230004, 0.108013146, 0.020833185, -0.021790443, 0.004868766, 0.019319449, 0.07589961]
135, [0.076123826, -0.0069034914, 0.002637634, 0.0009620596, 0.041912775, -0.007419641, 0.06426441, 0.08664898, -0.007801506, -0.04661853, 0.0048510293, 0.021369215, -0.005725336, -0.10441307, 0.022834046, 0.04203401, 0.08884242, 0.07480181, -0.031692278, 0.028151346]
136, [0.064642884, -0.040669665, -0.048069518, -0.024013173, -0.021642044, 0.014446831, -0.013150113, -0.038921155, 0.018514369, -0.086006775, -0.03878494, 0.027850298, 0.018061213, 0.11993691, 0.0629582, 0.13263614, -0.057178173, 0.0016626732, -0.040551756, -0.047827054]
137, [0.00070087204, -0.081403635, -0.03160568, 0.0060289875, 0.02144317, 0.0059171687, -0.022608427, -0.01845204, 0.011128323, -0.013256911, -0.042822473, 0.0011582731, 0.07284802, 0.0419958, 0.0791512, 0.053372584, -0.08763913, 0.036056742, 0.01591573, -0.0009591946]
138, [0.025194986, -0.008328082, 0.03316924, 0.04892112, -0.031839635, -0.0025292262, 0.019074535, 0.012328177, 0.0004287191, 0.0037787508, -0.061726503, -0.041587453, -0.011433678, -0.04226615, -0.017544925, 0.029924745, -0.06250662, -0.04753442, -0.04864286, -0.04492967]
139, [-0.069780715, -0.0063522826, 0.05465232, 0.029764215, -0.04459888, 0.04348731, -0.0045784735, -0.094505936, 0.04162948, 0.07630793, 0.07472171, 0.0075362716, -0.073609754, 0.008851425, -0.010671326, -0.09761081, 0.02585033, -0.022504551, -0.04890886, -0.052739657]
140, [0.015307328, -0.021729866, -0.062429093, -0.032851752, -0.083245456, -0.029156113, -0.01117947, -0.0038718306, -0.036262974, -5.146989e-05, 0.01834901, 0.05626421, -0.041749056, 0.022204675, 0.030465294, -0.0016588685, 0.047908455, -0.023234239, -0.024049511, 0.007911747]
141, [-0.06590229, 0.12737247, 0.1895954, 0.060216367, -0.02714913, -0.03679994, -0.121539526, -0.04179902, 0.09554137, 0.18939616, 0.16719104, -0.09112728, -0.03396194, -0.27059886, -0.19618608, -0.28441352, 0.10946887, -0.013374528, -0.09521697, 0.050248887]
142, [0.044833884, 0.056520138, -0.017291458, 0.005243175, 0.007661904, -0.01880393, 0.019888781, 0.05132825, 0.029262215, -0.043354236, -0.018827848, -0.006272386, -0.057760783, -0.07945618, -0.041267853, -0.017237032, 4.920735e-05, -0.053668067, -0.0373663, 0.012629712]
143, [-0.0939612, 0.1573355, 0.23889127, 0.01937843, 0.01803957, -0.015697746, -0.14822225, -0.10951052, 0.055754714, 0.33003438, 0.24036288, -0.09599145, -0.06472334, -0.28685728, -0.34769863, -0.37957492, -0.009263899, -0.002410823, -0.16882762, 0.041282214]
144, [0.014524239, -0.05322829, -0.061669227, -0.057143576, -0.041244633, 0.04181031, 0.015032021, 0.06332204, -0.024444953, -0.024721928, -0.048133887, 0.033301458, 0.0029820448, 0.10980242, 0.07723727, 0.08355856, -0.045568928, 0.01790718, -0.0041550947, 0.016768541]
145, [0.063957125, -0.0037583723, -0.08093481, 0.0304025, -0.024354989, 0.05059402, 0.09253606, 0.06357707, -0.017799614, -0.06203625, -0.011110901, 0.06548367, 0.028856982, -0.065272324, 0.04127299, 0.048936542, -0.009584452, -0.018591914, 0.048705872, 0.04351342]
146, [-0.059607394, -0.048499424, 0.051474173, -0.044553287, -0.05959231, -0.013704231, -0.10027438, -0.059074026, -0.033621542, 0.06797992, -0.006025785, -0.0165399, -0.055372633, -0.011901991, 6.165696e-05, 0.01306996, 0.025232136, -0.009804815, -0.017165914, -0.03414148]
147, [-0.040309694, -0.12209066, -0.12464694, -0.05029925, -0.061487094, -0.021814728, -0.025603209, 0.025187535, -0.010949632, -0.043607388, -0.07156527, 0.03390757, 0.010840037, 0.29814523, 0.12813666, 0.17557783, -0.119475015, 0.01338554, 0.036548812, 0.0104579395]
148, [-0.010836788, 0.0061021172, 0.0013948468, -0.031401914, -0.0026036191, -0.008769833, 0.058932114, 0.02345029, -0.02017113, -0.024506073, -0.033241667, 0.008349332, -0.026801428, -0.03915469, 0.0612487, 0.03158694, 0.0018975015, -0.011480052, -0.011054561, 0.022173965]
149, [-0.03207958, -0.0034417864, 0.03252457, -0.025209947, -0.05164724, 0.008564509, -0.011098571, 0.04384735, 0.052733183, -0.027387861, -0.00845538, -0.016626386, -0.007754699, 0.053590406, 0.011577031, 0.037576433, -0.043780584, -0.018376522, 0.055200733, 0.049351994]
150, [0.01329074, -0.08058699, -0.07902494, -0.00518359, -0.06075433, 0.010419019, 0.057152916, 0.01114588, -0.03174332, -0.027704284, -0.071419805, 0.0089716995, 0.040160093, 0.19562751, 0.15515332, 0.13058798, -0.06729176, 0.031709034, 0.052928895, -0.060312204]
151, [-0.008860362, -0.08239739, -0.07052919, -0.055143416, -0.046829935, 0.032055646, 0.088687256, 0.029426202, -0.036267858, -0.037913594, -0.03567587, 0.046777185, 0.07328856, 0.07678138, 0.13292074, 0.14047706, -0.034176417, 0.016845126, 0.0808339, -0.0018270614]
152, [-0.003714546, 0.10046513, 0.004095128, 0.015047632, 0.012939037, -0.045592595, 0.01644087, -0.068097964, -0.029763514, 0.02006548, 0.048435744, -0.007511448, -0.06747766, -0.15891995, -0.05661446, -0.037852313, 0.027885286, -0.04250373, -0.0074750767, 0.0099631]
153, [-0.017250966, -0.077310264, -0.08721944, -0.009996762, -0.045664303, -0.012947065, -0.06713938, 0.04881029, 0.0041834423, -0.067966655, -0.047181953, 0.022012262, 0.00022745127, 0.11818665, 0.11607209, 0.12402697, -0.07194069, -0.021027857, 0.010179995, -0.0070176707]
154, [0.0352824, 0.10647832, 0.030498201, 0.055678245, 0.023813862, -0.017879073, -0.028676027, 0.02788958, -0.008708217, 0.008139668, -0.012948373, 0.01738104, -0.0046176747, -0.15387826, -0.030961253, -0.110606335, -0.0018684869, 0.007612978, -0.06574456, -0.011515696]
155, [0.05836367, -0.016229134, -0.09460259, 0.012106796, 0.018202513, -0.028835626, 0.0008773204, 0.016253397, -0.06761975, -0.10554772, -0.07437569, 0.069868565, 0.009025623, 0.0893491, 0.087522894, 0.054254703, -0.025703788, -0.005565849, 0.0021216427, -0.030865675]
156, [0.0342635, 0.085538186, 0.1010364, 0.0030303698, -0.013238467, 0.037107144, -0.055681746, -0.028080715, 0.054960392, 0.06918752, 0.1105053, -0.085428, -0.04046587, -0.2547145, -0.15809426, -0.21757846, 0.101060204, -0.043656092, -0.05660453, 0.048264533]
157, [-0.061915457, -0.059052356, -0.09656762, -0.039956946, -0.052940447, -0.0026598945, 0.01703315, 0.0035995622, 0.022314169, 0.0096442355, 0.005488764, -0.020670094, 0.06128492, 0.08491547, 0.065746136, 0.09156124, -0.079174444, -0.021868913, -0.0035668598, -0.05539362]
158, [-0.019938253, -0.00083681743, -0.011321436, 0.03686007, -0.020522488, 0.041785065, -0.039473183, -0.06402483, -0.020116659, 0.021089012, -0.012868548, -0.0015480103, 0.038236853, 0.006662837, -0.03903522, -0.0007266662, -0.020964617, -0.005911409, 0.01625394, -0.05637954]
159, [-0.013348131, 0.012305374, -0.038914323, -0.038501393, -0.048429452, -0.03837275, -0.028510006, 0.007344623, -0.050818764, -0.013092569, 0.013519986, 0.018369555, -0.02740546, 0.04160868, 0.026441513, 0.010470596, 0.006424569, -0.013018653, 0.038491853, -0.02494501]
160, [-0.008485343, -0.0027287044, -0.07050498, 0.0017261073, -0.053312883, 0.033807587, 0.027800044, 0.047048863, 0.009753417, -0.055144574, -0.10410812, 0.056375526, -0.0067467014, -0.034762643, 0.018194929, 0.046479587, 0.046432752, -0.04707014, 0.08589172, 0.04198584]
161, [0.033946186, 0.009642146, 0.106683254, 0.0029079113, -0.016227035, 0.03712675, -0.061830662, -0.055438925, -0.06563798, 0.03797787, 0.07081506, -0.03122463, -0.024754317, -0.123202465, -0.068393216, -0.051414218, 0.04551366, -0.0065631643, -0.05134467, -0.08705885]
162, [0.02058356, -0.06053642, -0.008382988, 0.015340508, -0.008096534, 0.03823761, -0.06913218, 0.02909142, 0.038114853, -0.026045937, -0.008063639, 0.04348539, 0.043606315, 0.014611786, 0.03275441, 0.085668676, -0.021501787, 0.02712807, -0.044754725, 0.011054534]
163, [-0.05375981, 0.11375197, 0.16332896, 0.04899509, 0.0045358147, 0.02464005, -0.11799875, -0.067312196, 0.012796491, 0.111238405, 0.07989599, -0.043430015, 0.009702633, -0.14586583, -0.21820566, -0.24405903, 0.09329904, 0.020645706, -0.07039522, -0.0006341377]
164, [0.02399576, 0.02136392, -0.04754269, -0.023534242, 0.018875077, 0.00474533, 0.0011896692, 0.020931907, -0.036502857, -0.06546145, -0.055310745, 0.037738234, 0.0383218, 0.07850843, 0.076344565, 0.13355497, -0.0057226704, -0.010801307, 0.0805023, -0.0108437715]
165, [0.039862245, -0.049699225, -0.059999708, 0.013091954, 0.01812168, -0.026224284, 0.0060362862, 0.08839833, 0.04530123, -0.12160971, -0.07036685, 0.09092247, 0.0057030474, 0.14767276, 0.129784, 0.17090282, -0.034375448, 0.04924459, 0.093701504, -0.051309418]
166, [0.059929404, 0.052749448, 0.040608574, 0.018951794, 0.042489365, 0.05167272, 0.07299416, -0.027365446, 0.025340898, -0.022672022, 0.05543555, -0.062227216, -0.005459278, -0.15456122, -0.06024162, -0.09519576, 0.06298626, -0.03995673, -0.012878437, 0.039560445]
167, [-0.029452844, 0.052541997, 0.040251292, -0.00529565, 0.02602474, -0.018033555, -0.054380022, -0.018441098, -0.04311304, 0.041329704, 0.049405605, -0.050658718, 0.030504774, -0.08541877, -0.03369482, -0.009155067, 0.0460831, -0.036490425, 0.025859432, -0.016111672]
168, [0.010493004, -0.088216916, -0.10975733, -0.0063496362, -0.03742852, 0.007598196, -0.015155609, -0.027510224, 0.0021810767, -0.08018758, -0.010549532, 0.05827805, 0.008197121, 0.13592045, 0.18745667, 0.16654737, -0.06595034, -0.013427743, 0.07868225, -0.01968755]
169, [0.014313263, 0.019898504, 0.06765825, 0.0067478707, -0.0019857436, -0.0048877145, -0.06965816, -0.04538133, 0.014628459, 0.06774502, 0.053426035, -0.026226683, -0.07869515, -0.08785416, -0.11833952, -0.0920001, 0.061188273, 0.02008768, -0.013773198, -0.021471845]
170, [-0.030739913, 0.073773876, 0.1264982, 0.061437253, -0.009853407, -0.020609152, -0.02798242, -0.019831961, 0.035991654, 0.11647867, 0.052643385, -0.05574443, -0.06403417, -0.20077193, -0.1527555, -0.15599473, 0.073170654, 0.009344071, -0.05041312, -0.0021894216]
171, [-0.039947156, 0.058503617, 0.05144681, 0.008290961, -0.05003525, -0.030359443, -0.0014394725, 0.014418617, 0.059084773, 0.1020589, 0.054796863, -0.037795898, -0.075983174, -0.08251638, -0.14814508, -0.07423402, -0.014441944, 0.0250982, -0.012962124, -0.02338249]
172, [-0.03172592, 0.08166809, 0.056167062, 0.031929888, 0.02868388, -0.045071825, -0.022312768, -0.010436181, 0.04266888, 0.11227684, 0.035633948, -0.044968627, -0.0463297, -0.09574537, -0.08336165, -0.119875535, 0.04403448, 0.073142596, -0.06859961, -0.0059919897]
173, [-0.06330057, -0.0025588307, 0.12375077, 0.007561871, -0.054726683, -0.053789258, -0.062962465, -0.12862085, 0.0004407547, 0.084888935, 0.0048857313, -0.040766034, -0.09782932, 0.04221866, -0.056298107, -0.12376024, -0.04494965, -0.0809015, -0.05390841, -0.049821008]
174, [-0.06847624, 0.004922225, 0.016844837, 0.03066098, -0.047396436, -0.02306719, -0.025254516, -0.02742268, -0.007142204, 0.07469997, 0.017031236, 0.02267308, 0.0067741456, -0.05601727, -0.070572816, -0.050014812, 0.0030762688, -0.023676645, -0.019648664, 0.00418318]
175, [0.06494862, 0.016722864, -0.027228232, -0.0045693056, 0.034622297, 0.016319549, 0.015678352, 0.019718679, 0.004944212, -0.08279153, -0.049228363, 0.06427437, -0.0060994253, 0.042601187, 0.053400677, 0.024545321, -0.056226093, -0.034151684, 0.0023974543, -0.05180228]
176, [-0.0074683293, 0.011633435, 0.03785894, 0.014368951, -0.023393068, 0.062493123, -0.053672306, 0.038378898, 0.052486025, -0.009739955, -0.0039765714, 0.0648752, 0.028178968, 0.0034499327, 0.06793906, 0.03564751, 0.0324077, 0.047701556, -0.037994973, 0.01062722]
177, [-0.075520605, 0.14242591, 0.18699124, 0.021413874, 0.016543567, -0.005892608, -0.13515681, -0.11103384, 0.05780878, 0.14587423, 0.15007916, -0.072694466, -0.052762832, -0.23895343, -0.27397764, -0.242281, 0.035641413, 0.047548648, -0.11158472, 0.035308156]
178, [0.0037234128, -0.08649158, -0.07150584, -0.004766463, -0.015404221, 0.02979224, -0.021654569, 0.01626431, -0.030827727, -0.040346727, -0.025234276, 0.005568487, -0.022477565, 0.14559664, 0.11925327, 0.08280585, -0.034959, 0.014853688, 0.048935093, 0.02547096]
179, [-0.056969635, -0.041807324, -0.049601696, 0.02055931, 0.0149036795, -0.0010886528, 0.07023267, 0.02435249, 0.012589464, -0.06748117, -0.02945841, 0.010793298, -0.024920495, 0.016963596, -0.0026392147, 0.02241654, 0.071247965, -0.0400207, 0.008401435, 0.031054696]
180, [0.06909066, -0.06698225, -0.10778113, -0.027952354, -0.023745334, -0.0020737068, 0.0020855826, -0.0042373845, -0.005032431, -0.10845671, 0.0033835599, 0.0064784097, 0.022246942, 0.07839572, 0.08378481, 0.08392541, -0.036571816, -0.00844442, 0.061369807, -0.036811434]
181, [-0.08729965, 0.06199266, 0.15073706, 0.011924793, -0.043283336, -0.011642472, -0.089887746, -0.056546465, -0.009669169, 0.23558433, 0.16464671, -0.013466901, -0.041846313, -0.09713907, -0.20186456, -0.1786938, -0.05261947, 0.07150438, -0.043079354, -0.0037912366]
182, [-0.008242564, -0.057341997, -0.038817007, -0.035167992, -0.0072171097, 0.006013081, -0.07705002, 0.014206986, -0.017766163, 0.008254054, 0.0007141961, 0.063980274, 0.02676077, 0.11299573, -0.02431217, -0.02121701, -0.10632555, 0.036367573, 0.049692824, 4.066783e-05]
183, [0.016596053, 0.16272649, 0.108454764, 0.008631741, 0.058687147, -0.0049455515, -0.012528493, -0.011090445, 0.00210199, 0.038688414, 0.054494727, -0.012471365, -0.058890652, -0.22578128, -0.19045871, -0.20458281, 0.024117583, 0.008162355, -0.084642105, 0.07235833]
184, [0.078254476, -0.009942644, -0.076493025, 0.040283218, 0.06698888, -0.016168093, 0.037614457, 0.12003889, 0.008920402, -0.090248816, -0.050211214, 0.05238994, 0.015067282, -0.028447201, 0.0054725586, 0.07768504, -0.0052822, 0.014120448, 0.04663508, -0.011466658]
185, [-0.06955588, 0.052796204, 0.15529478, 0.06243396, -0.015067058, -0.029286407, -0.1582453, -0.119617656, 0.057956863, 0.21615946, 0.0980025, -0.0716895, -0.09407486, -0.17929049, -0.22791074, -0.17222925, 0.056759756, 0.016898945, -0.020035055, 0.027361128]
186, [-0.0068503544, 0.06739687, 0.08014159, 0.038932092, 0.056741934, 0.0068779388, 0.020981766, -0.024913669, -0.012403757, 0.064740084, 0.0728656, -0.054829486, -0.028880723, -0.1035971, -0.032704078, -0.060061567, 0.024893092, 0.03980447, -0.038886398, -0.007429171]
187, [0.031223107, 0.029603293, -0.012803957, 0.046934593, 0.037426867, -0.014816676, 0.064696655, 0.0626141, -0.017681595, -0.09953069, -0.02562306, -0.039443906, -0.00097086985, -0.08544741, 0.0037545993, -0.059452705, 0.01849787, 0.011225036, 0.027111618, -0.029756583]
188, [-0.014712084, 0.02767362, -0.045254976, 0.006509159, 0.044199623, 0.0023299542, 0.020675829, 0.07649686, -0.0095837135, -0.036901865, 0.03434681, -0.025449716, 0.018192127, -0.014790984, 0.011150471, -0.0042405594, 0.04485317, -0.052875813, 0.050495405, -0.016622096]
189, [-0.044378746, 0.05293714, 0.112936, -0.015339016, 0.026380163, -0.054575264, -0.085367985, -0.05914005, -0.04764262, 0.17303081, 0.08980418, -0.048670918, 0.0043202075, -0.17809738, -0.18832852, -0.24761564, 0.057609275, -0.040345863, -0.12195679, -0.03376149]
190, [0.00071897445, -0.03333864, -0.06436325, 0.040254902, -0.06421222, -0.011070152, -0.01548767, 0.02221294, 0.057212595, -0.0067107063, 0.0015506474, 0.017532717, 0.040953122, -0.011228933, 0.07972014, 0.025897587, -0.013950088, -0.022849474, 0.044198643, -0.04608331]
191, [-0.0036434853, -0.07927848, -0.21673225, -0.010527384, -0.0016206496, 0.028073836, 0.0822931, 0.045927852, -0.067948245, -0.09638359, -0.056325894, 0.10669995, 0.022939565, 0.31889918, 0.2170168, 0.1881488, -0.06452427, 0.017334484, 0.11155973, -0.034104355]
192, [-0.032686587, 0.027779572, -0.052534737, -0.010410024, 0.019532453, -0.009916724, -0.033598583, 0.024128927, 0.003842014, -0.005781966, -0.015554206, 0.012738042, -0.019040845, 0.011514163, -0.014037261, 0.06726874, -0.030053826, -0.004840519, 0.044954628, 0.035146993]
193, [0.007366172, 0.023008551, 0.018017597, 0.019718911, 0.034487147, 0.05215586, -0.0044258167, -0.029689211, 0.013722111, -0.04301144, 0.028170738, -0.006262035, 0.032704316, -0.04276953, 0.01889388, 0.0019391441, 0.071796976, -0.046388157, -0.045434237, 0.001316196]
194, [-0.028054317, -0.08243584, -0.011216916, -0.027220521, -0.04713503, -0.02793967, -0.06335458, -0.031407572, -0.031550694, -0.03625379, 0.023396835, 0.02528079, 0.027918195, 0.09540373, 0.031926733, 0.039370634, -0.05479328, 0.063344814, 0.048745718, -0.008171225]
195, [-0.004828901, 0.025440227, 0.04878008, 0.025702538, -0.027461523, 0.012473654, -0.036441617, 0.0077343746, 0.01381406, 0.05274216, -0.028763799, 0.010751062, -0.03314113, -0.0076945773, -0.013467258, -0.01051015, -0.028576475, -0.042781785, -0.0073315087, 0.05901252]
196, [0.044229876, -0.13858438, -0.14534348, -0.015472326, -0.037395116, 0.0012687535, 0.064393625, 0.041190367, -0.017552013, -0.109682806, -0.13675341, 0.075103626, 0.05679348, 0.23104367, 0.23110951, 0.2276108, -0.045392722, -0.0145126395, 0.1127371, -0.0010582869]
197, [0.02754755, -0.10659771, -0.095852695, -0.00011663142, -0.055966094, 0.02764997, 0.031362947, 0.047636926, 0.0030840102, -0.011203285, -0.05491119, 0.01790587, 0.021257807, 0.1717474, 0.13203079, 0.11824958, -0.025149053, 0.020955084, 0.0131309675, -0.025202088]
198, [-0.036069375, 0.0541702, -0.037083328, 0.03627173, -0.014703754, 0.04098269, -0.014309782, -0.07534288, 0.017409034, 0.08080089, 0.032886837, 0.017354194, 0.04585746, -0.07193541, -0.016721943, -0.022709832, -0.043819547, -0.031060224, -0.039666757, -0.03081305]
199, [0.009003463, 0.061744962, 0.0553355, -0.036859505, 0.033097796, -0.032116164, -0.007177179, 0.0149489045, 0.056397986, -0.017547857, 0.008132201, -0.025256932, -0.0235198, -0.16878946, -0.11647137, -0.11692548, -0.022449002, -0.042770214, -0.029695552, -0.011184975]
